merchant_sk,merchant_id,merchant_category,merchant_risk_score,valid_from,valid_to,is_current
1,1,restaurant,18.27,2023-01-01,,True
2,2,gambling,84.24,2023-01-01,,True
3,3,utilities,3.08,2023-01-01,,True
4,4,travel,63.06,2023-01-01,,True
5,5,restaurant,22.84,2023-01-01,,True
6,6,crypto,87.77,2023-01-01,,True
7,7,gambling,65.35,2023-01-01,,True
8,8,travel,67.37,2023-01-01,,True
9,9,utilities,8.08,2023-01-01,,True
10,10,crypto,83.61,2023-01-01,,True
11,11,utilities,7.94,2023-01-01,,True
12,12,travel,36.62,2023-01-01,,True
13,13,electronics,51.3,2023-01-01,,True
14,14,restaurant,11.41,2023-01-01,,True
15,15,luxury,61.58,2023-01-01,,True
16,16,electronics,34.74,2023-01-01,,True
17,17,digital_goods,35.21,2023-01-01,,True
18,18,restaurant,16.01,2023-01-01,,True
19,19,restaurant,12.57,2023-01-01,,True
20,20,digital_goods,44.51,2023-01-01,,True
21,21,luxury,52.76,2023-01-01,,True
22,22,digital_goods,33.33,2023-01-01,,True
23,23,restaurant,16.46,2023-01-01,,True
24,24,crypto,72.55,2023-01-01,,True
25,25,electronics,42.45,2023-01-01,,True
26,26,electronics,36.06,2023-01-01,,True
27,27,utilities,14.73,2023-01-01,,True
28,28,gambling,87.36,2023-01-01,,True
29,29,gambling,65.53,2023-01-01,,True
30,30,gambling,77.1,2023-01-01,,True
31,31,utilities,1.5,2023-01-01,,True
32,32,entertainment,26.47,2023-01-01,,True
33,33,digital_goods,44.78,2023-01-01,,True
34,34,luxury,77.71,2023-01-01,,True
35,35,luxury,83.71,2023-01-01,,True
36,36,utilities,9.93,2023-01-01,,True
37,37,digital_goods,46.7,2023-01-01,,True
38,38,utilities,8.87,2023-01-01,,True
39,39,restaurant,18.09,2023-01-01,,True
40,40,retail,16.41,2023-01-01,,True
41,41,utilities,5.77,2023-01-01,,True
42,42,entertainment,34.76,2023-01-01,,True
43,43,restaurant,21.33,2023-01-01,,True
44,44,utilities,12.82,2023-01-01,,True
45,45,electronics,36.62,2023-01-01,,True
46,46,utilities,11.74,2023-01-01,,True
47,47,utilities,9.4,2023-01-01,,True
48,48,luxury,75.08,2023-01-01,,True
49,49,entertainment,20.9,2023-01-01,,True
50,50,crypto,83.12,2023-01-01,,True
51,51,crypto,72.83,2023-01-01,,True
52,52,digital_goods,39.77,2023-01-01,,True
53,53,restaurant,5.04,2023-01-01,,True
54,54,gambling,75.65,2023-01-01,,True
55,55,crypto,88.38,2023-01-01,,True
56,56,luxury,78.0,2023-01-01,,True
57,57,gambling,81.43,2023-01-01,,True
58,58,travel,44.96,2023-01-01,,True
59,59,luxury,53.72,2023-01-01,,True
60,60,gambling,91.91,2023-01-01,,True
61,61,retail,17.31,2023-01-01,,True
62,62,restaurant,21.44,2023-01-01,,True
63,63,retail,23.56,2023-01-01,,True
64,64,retail,15.23,2023-01-01,,True
65,65,entertainment,17.63,2023-01-01,,True
66,66,restaurant,8.92,2023-01-01,,True
67,67,electronics,29.23,2023-01-01,,True
68,68,retail,26.3,2023-01-01,,True
69,69,crypto,76.25,2023-01-01,,True
70,70,utilities,12.54,2023-01-01,,True
71,71,electronics,31.67,2023-01-01,,True
72,72,gambling,75.14,2023-01-01,,True
73,73,luxury,76.5,2023-01-01,,True
74,74,gambling,66.4,2023-01-01,,True
75,75,travel,55.33,2023-01-01,,True
76,76,crypto,89.49,2023-01-01,,True
77,77,digital_goods,23.7,2023-01-01,,True
78,78,crypto,95.86,2023-01-01,,True
79,79,luxury,66.01,2023-01-01,,True
80,80,digital_goods,37.68,2023-01-01,,True
81,81,crypto,84.62,2023-01-01,,True
82,82,gambling,93.92,2023-01-01,,True
83,83,restaurant,5.09,2023-01-01,,True
84,84,restaurant,19.72,2023-01-01,,True
85,85,digital_goods,36.6,2023-01-01,,True
86,86,entertainment,22.98,2023-01-01,,True
87,87,retail,19.63,2023-01-01,,True
88,88,electronics,57.35,2023-01-01,,True
89,89,electronics,52.34,2023-01-01,,True
90,90,entertainment,37.31,2023-01-01,,True
91,91,luxury,74.21,2023-01-01,,True
92,92,gambling,70.21,2023-01-01,,True
93,93,restaurant,21.3,2023-01-01,,True
94,94,restaurant,7.07,2023-01-01,,True
95,95,digital_goods,39.73,2023-01-01,,True
96,96,restaurant,17.12,2023-01-01,,True
97,97,luxury,61.26,2023-01-01,,True
98,98,luxury,80.85,2023-01-01,,True
99,99,luxury,64.65,2023-01-01,,True
100,100,retail,20.22,2023-01-01,,True
101,101,entertainment,30.78,2023-01-01,,True
102,102,digital_goods,27.45,2023-01-01,,True
103,103,gambling,76.94,2023-01-01,,True
104,104,travel,43.71,2023-01-01,,True
105,105,luxury,60.3,2023-01-01,,True
106,106,travel,62.19,2023-01-01,,True
107,107,luxury,54.84,2023-01-01,,True
108,108,entertainment,28.08,2023-01-01,,True
109,109,restaurant,22.73,2023-01-01,,True
110,110,utilities,8.17,2023-01-01,,True
111,111,entertainment,35.29,2023-01-01,,True
112,112,luxury,69.17,2023-01-01,,True
113,113,crypto,79.1,2023-01-01,,True
114,114,digital_goods,42.1,2023-01-01,,True
115,115,gambling,81.61,2023-01-01,,True
116,116,crypto,76.3,2023-01-01,,True
117,117,gambling,71.29,2023-01-01,,True
118,118,restaurant,19.29,2023-01-01,,True
119,119,electronics,49.03,2023-01-01,,True
120,120,retail,28.03,2023-01-01,,True
121,121,travel,35.31,2023-01-01,,True
122,122,restaurant,19.21,2023-01-01,,True
123,123,electronics,59.13,2023-01-01,,True
124,124,utilities,3.49,2023-01-01,,True
125,125,gambling,81.27,2023-01-01,,True
126,126,luxury,72.29,2023-01-01,,True
127,127,digital_goods,41.31,2023-01-01,,True
128,128,utilities,11.65,2023-01-01,,True
129,129,electronics,44.68,2023-01-01,,True
130,130,retail,19.57,2023-01-01,,True
131,131,digital_goods,48.28,2023-01-01,,True
132,132,utilities,10.94,2023-01-01,,True
133,133,retail,21.86,2023-01-01,,True
134,134,restaurant,22.88,2023-01-01,,True
135,135,electronics,43.69,2023-01-01,,True
136,136,crypto,95.45,2023-01-01,,True
137,137,crypto,82.25,2023-01-01,,True
138,138,travel,30.51,2023-01-01,,True
139,139,gambling,68.19,2023-01-01,,True
140,140,utilities,6.33,2023-01-01,,True
141,141,travel,32.12,2023-01-01,,True
142,142,entertainment,11.7,2023-01-01,,True
143,143,restaurant,10.34,2023-01-01,,True
144,144,luxury,77.49,2023-01-01,,True
145,145,travel,69.34,2023-01-01,,True
146,146,utilities,10.57,2023-01-01,,True
147,147,retail,8.66,2023-01-01,,True
148,148,electronics,27.17,2023-01-01,,True
149,149,digital_goods,43.53,2023-01-01,,True
150,150,retail,10.1,2023-01-01,,True
151,151,utilities,8.58,2023-01-01,,True
152,152,utilities,6.02,2023-01-01,,True
153,153,travel,48.1,2023-01-01,,True
154,154,gambling,83.48,2023-01-01,,True
155,155,gambling,85.27,2023-01-01,,True
156,156,electronics,44.67,2023-01-01,,True
157,157,luxury,57.85,2023-01-01,,True
158,158,digital_goods,39.41,2023-01-01,,True
159,159,travel,45.56,2023-01-01,,True
160,160,digital_goods,35.33,2023-01-01,,True
161,161,travel,61.87,2023-01-01,,True
162,162,luxury,74.36,2023-01-01,,True
163,163,digital_goods,40.79,2023-01-01,,True
164,164,crypto,71.36,2023-01-01,,True
165,165,digital_goods,31.45,2023-01-01,,True
166,166,luxury,64.58,2023-01-01,,True
167,167,gambling,88.64,2023-01-01,,True
168,168,retail,22.13,2023-01-01,,True
169,169,travel,68.63,2023-01-01,,True
170,170,entertainment,11.61,2023-01-01,,True
171,171,crypto,91.57,2023-01-01,,True
172,172,crypto,75.89,2023-01-01,,True
173,173,retail,26.72,2023-01-01,,True
174,174,retail,26.51,2023-01-01,,True
175,175,electronics,40.51,2023-01-01,,True
176,176,luxury,57.89,2023-01-01,,True
177,177,electronics,47.18,2023-01-01,,True
178,178,crypto,90.58,2023-01-01,,True
179,179,crypto,80.66,2023-01-01,,True
180,180,entertainment,27.65,2023-01-01,,True
181,181,travel,59.54,2023-01-01,,True
182,182,gambling,70.89,2023-01-01,,True
183,183,entertainment,31.75,2023-01-01,,True
184,184,restaurant,8.87,2023-01-01,,True
185,185,retail,16.22,2023-01-01,,True
186,186,crypto,98.52,2023-01-01,,True
187,187,electronics,27.61,2023-01-01,,True
188,188,retail,29.06,2023-01-01,,True
189,189,electronics,50.73,2023-01-01,,True
190,190,restaurant,7.39,2023-01-01,,True
191,191,crypto,71.18,2023-01-01,,True
192,192,entertainment,18.37,2023-01-01,,True
193,193,digital_goods,27.93,2023-01-01,,True
194,194,luxury,55.63,2023-01-01,,True
195,195,travel,63.84,2023-01-01,,True
196,196,electronics,25.2,2023-01-01,,True
197,197,gambling,78.99,2023-01-01,,True
198,198,luxury,82.81,2023-01-01,,True
199,199,retail,6.0,2023-01-01,,True
200,200,entertainment,37.86,2023-01-01,,True
201,201,digital_goods,37.91,2023-01-01,,True
202,202,electronics,52.08,2023-01-01,,True
203,203,electronics,46.89,2023-01-01,,True
204,204,luxury,79.51,2023-01-01,,True
205,205,gambling,74.03,2023-01-01,,True
206,206,restaurant,20.8,2023-01-01,,True
207,207,utilities,8.7,2023-01-01,,True
208,208,travel,32.92,2023-01-01,,True
209,209,crypto,90.52,2023-01-01,,True
210,210,gambling,80.76,2023-01-01,,True
211,211,retail,28.92,2023-01-01,,True
212,212,travel,50.82,2023-01-01,,True
213,213,electronics,52.52,2023-01-01,,True
214,214,utilities,3.23,2023-01-01,,True
215,215,electronics,44.01,2023-01-01,,True
216,216,electronics,39.12,2023-01-01,,True
217,217,retail,13.74,2023-01-01,,True
218,218,restaurant,22.67,2023-01-01,,True
219,219,luxury,73.22,2023-01-01,,True
220,220,electronics,36.59,2023-01-01,,True
221,221,travel,41.74,2023-01-01,,True
222,222,electronics,58.26,2023-01-01,,True
223,223,digital_goods,38.55,2023-01-01,,True
224,224,gambling,79.25,2023-01-01,,True
225,225,electronics,44.65,2023-01-01,,True
226,226,luxury,76.32,2023-01-01,,True
227,227,digital_goods,39.48,2023-01-01,,True
228,228,utilities,2.61,2023-01-01,,True
229,229,restaurant,11.92,2023-01-01,,True
230,230,utilities,4.36,2023-01-01,,True
231,231,crypto,88.63,2023-01-01,,True
232,232,restaurant,23.37,2023-01-01,,True
233,233,restaurant,9.88,2023-01-01,,True
234,234,restaurant,5.8,2023-01-01,,True
235,235,crypto,95.68,2023-01-01,,True
236,236,retail,14.53,2023-01-01,,True
237,237,gambling,88.89,2023-01-01,,True
238,238,entertainment,13.4,2023-01-01,,True
239,239,crypto,77.44,2023-01-01,,True
240,240,digital_goods,41.72,2023-01-01,,True
241,241,restaurant,5.49,2023-01-01,,True
242,242,utilities,8.24,2023-01-01,,True
243,243,utilities,11.79,2023-01-01,,True
244,244,electronics,43.0,2023-01-01,,True
245,245,entertainment,25.26,2023-01-01,,True
246,246,travel,49.47,2023-01-01,,True
247,247,gambling,73.89,2023-01-01,,True
248,248,retail,21.29,2023-01-01,,True
249,249,travel,42.81,2023-01-01,,True
250,250,restaurant,6.65,2023-01-01,,True
251,251,luxury,53.36,2023-01-01,,True
252,252,travel,68.87,2023-01-01,,True
253,253,gambling,88.2,2023-01-01,,True
254,254,utilities,8.46,2023-01-01,,True
255,255,gambling,83.81,2023-01-01,,True
256,256,restaurant,9.22,2023-01-01,,True
257,257,luxury,72.03,2023-01-01,,True
258,258,utilities,3.98,2023-01-01,,True
259,259,restaurant,18.71,2023-01-01,,True
260,260,utilities,12.7,2023-01-01,,True
261,261,entertainment,16.17,2023-01-01,,True
262,262,electronics,54.01,2023-01-01,,True
263,263,retail,26.97,2023-01-01,,True
264,264,luxury,75.95,2023-01-01,,True
265,265,retail,15.88,2023-01-01,,True
266,266,luxury,78.59,2023-01-01,,True
267,267,luxury,52.52,2023-01-01,,True
268,268,utilities,10.6,2023-01-01,,True
269,269,crypto,70.69,2023-01-01,,True
270,270,luxury,75.09,2023-01-01,,True
271,271,utilities,1.53,2023-01-01,,True
272,272,entertainment,12.2,2023-01-01,,True
273,273,retail,9.45,2023-01-01,,True
274,274,restaurant,10.04,2023-01-01,,True
275,275,digital_goods,22.11,2023-01-01,,True
276,276,gambling,89.65,2023-01-01,,True
277,277,digital_goods,47.33,2023-01-01,,True
278,278,utilities,6.71,2023-01-01,,True
279,279,digital_goods,33.53,2023-01-01,,True
280,280,luxury,64.16,2023-01-01,,True
281,281,crypto,79.18,2023-01-01,,True
282,282,restaurant,12.79,2023-01-01,,True
283,283,electronics,29.14,2023-01-01,,True
284,284,crypto,70.17,2023-01-01,,True
285,285,entertainment,31.61,2023-01-01,,True
286,286,gambling,66.9,2023-01-01,,True
287,287,retail,23.65,2023-01-01,,True
288,288,utilities,1.64,2023-01-01,,True
289,289,travel,63.93,2023-01-01,,True
290,290,crypto,80.37,2023-01-01,,True
291,291,crypto,84.58,2023-01-01,,True
292,292,luxury,60.14,2023-01-01,,True
293,293,crypto,89.89,2023-01-01,,True
294,294,travel,54.26,2023-01-01,,True
295,295,restaurant,10.63,2023-01-01,,True
296,296,gambling,92.8,2023-01-01,,True
297,297,gambling,76.44,2023-01-01,,True
298,298,retail,25.55,2023-01-01,,True
299,299,crypto,70.89,2023-01-01,,True
300,300,gambling,69.69,2023-01-01,,True
301,301,utilities,4.08,2023-01-01,,True
302,302,gambling,87.4,2023-01-01,,True
303,303,luxury,77.89,2023-01-01,,True
304,304,utilities,12.89,2023-01-01,,True
305,305,luxury,60.32,2023-01-01,,True
306,306,digital_goods,39.02,2023-01-01,,True
307,307,travel,41.92,2023-01-01,,True
308,308,utilities,13.42,2023-01-01,,True
309,309,luxury,83.79,2023-01-01,,True
310,310,digital_goods,46.01,2023-01-01,,True
311,311,entertainment,29.44,2023-01-01,,True
312,312,gambling,93.72,2023-01-01,,True
313,313,restaurant,5.22,2023-01-01,,True
314,314,entertainment,36.24,2023-01-01,,True
315,315,gambling,69.24,2023-01-01,,True
316,316,crypto,71.21,2023-01-01,,True
317,317,electronics,45.05,2023-01-01,,True
318,318,utilities,6.52,2023-01-01,,True
319,319,utilities,8.67,2023-01-01,,True
320,320,entertainment,12.55,2023-01-01,,True
321,321,luxury,57.35,2023-01-01,,True
322,322,gambling,87.24,2023-01-01,,True
323,323,luxury,75.41,2023-01-01,,True
324,324,crypto,76.14,2023-01-01,,True
325,325,electronics,56.7,2023-01-01,,True
326,326,entertainment,35.54,2023-01-01,,True
327,327,crypto,74.13,2023-01-01,,True
328,328,utilities,3.58,2023-01-01,,True
329,329,digital_goods,38.51,2023-01-01,,True
330,330,crypto,77.33,2023-01-01,,True
331,331,luxury,54.01,2023-01-01,,True
332,332,restaurant,18.42,2023-01-01,,True
333,333,restaurant,16.35,2023-01-01,,True
334,334,electronics,26.9,2023-01-01,,True
335,335,utilities,11.51,2023-01-01,,True
336,336,gambling,94.7,2023-01-01,,True
337,337,restaurant,15.98,2023-01-01,,True
338,338,utilities,10.03,2023-01-01,,True
339,339,retail,6.83,2023-01-01,,True
340,340,travel,56.87,2023-01-01,,True
341,341,utilities,4.51,2023-01-01,,True
342,342,digital_goods,25.92,2023-01-01,,True
343,343,entertainment,27.42,2023-01-01,,True
344,344,travel,68.06,2023-01-01,,True
345,345,retail,13.93,2023-01-01,,True
346,346,travel,56.85,2023-01-01,,True
347,347,gambling,72.04,2023-01-01,,True
348,348,entertainment,18.55,2023-01-01,,True
349,349,digital_goods,22.09,2023-01-01,,True
350,350,digital_goods,25.8,2023-01-01,,True
351,351,retail,17.15,2023-01-01,,True
352,352,crypto,79.52,2023-01-01,,True
353,353,electronics,48.08,2023-01-01,,True
354,354,restaurant,18.87,2023-01-01,,True
355,355,gambling,69.57,2023-01-01,,True
356,356,gambling,82.01,2023-01-01,,True
357,357,restaurant,21.15,2023-01-01,,True
358,358,luxury,83.55,2023-01-01,,True
359,359,utilities,3.36,2023-01-01,,True
360,360,crypto,79.08,2023-01-01,,True
361,361,electronics,52.5,2023-01-01,,True
362,362,electronics,49.93,2023-01-01,,True
363,363,gambling,84.23,2023-01-01,,True
364,364,digital_goods,28.3,2023-01-01,,True
365,365,travel,44.38,2023-01-01,,True
366,366,restaurant,18.59,2023-01-01,,True
367,367,travel,43.26,2023-01-01,,True
368,368,restaurant,14.6,2023-01-01,,True
369,369,retail,16.13,2023-01-01,,True
370,370,retail,24.37,2023-01-01,,True
371,371,travel,49.48,2023-01-01,,True
372,372,utilities,2.52,2023-01-01,,True
373,373,travel,55.82,2023-01-01,,True
374,374,digital_goods,22.46,2023-01-01,,True
375,375,retail,12.02,2023-01-01,,True
376,376,travel,63.06,2023-01-01,,True
377,377,entertainment,36.74,2023-01-01,,True
378,378,electronics,31.88,2023-01-01,,True
379,379,travel,59.34,2023-01-01,,True
380,380,retail,20.67,2023-01-01,,True
381,381,electronics,50.46,2023-01-01,,True
382,382,electronics,56.22,2023-01-01,,True
383,383,digital_goods,45.49,2023-01-01,,True
384,384,crypto,88.32,2023-01-01,,True
385,385,travel,62.51,2023-01-01,,True
386,386,gambling,82.37,2023-01-01,,True
387,387,restaurant,20.38,2023-01-01,,True
388,388,restaurant,9.26,2023-01-01,,True
389,389,retail,5.92,2023-01-01,,True
390,390,gambling,72.82,2023-01-01,,True
391,391,electronics,56.29,2023-01-01,,True
392,392,travel,51.59,2023-01-01,,True
393,393,utilities,10.15,2023-01-01,,True
394,394,electronics,30.2,2023-01-01,,True
395,395,travel,45.7,2023-01-01,,True
396,396,travel,65.66,2023-01-01,,True
397,397,electronics,45.64,2023-01-01,,True
398,398,electronics,55.0,2023-01-01,,True
399,399,travel,35.36,2023-01-01,,True
400,400,entertainment,25.03,2023-01-01,,True
401,401,electronics,28.17,2023-01-01,,True
402,402,utilities,6.09,2023-01-01,,True
403,403,luxury,50.37,2023-01-01,,True
404,404,crypto,76.93,2023-01-01,,True
405,405,utilities,14.5,2023-01-01,,True
406,406,retail,29.55,2023-01-01,,True
407,407,utilities,10.58,2023-01-01,,True
408,408,digital_goods,42.72,2023-01-01,,True
409,409,restaurant,7.81,2023-01-01,,True
410,410,travel,36.37,2023-01-01,,True
411,411,retail,19.16,2023-01-01,,True
412,412,luxury,69.8,2023-01-01,,True
413,413,luxury,80.53,2023-01-01,,True
414,414,utilities,3.05,2023-01-01,,True
415,415,electronics,50.62,2023-01-01,,True
416,416,electronics,57.87,2023-01-01,,True
417,417,travel,31.62,2023-01-01,,True
418,418,digital_goods,42.84,2023-01-01,,True
419,419,utilities,4.24,2023-01-01,,True
420,420,crypto,77.67,2023-01-01,,True
421,421,electronics,33.19,2023-01-01,,True
422,422,crypto,89.39,2023-01-01,,True
423,423,retail,17.95,2023-01-01,,True
424,424,crypto,92.95,2023-01-01,,True
425,425,retail,14.7,2023-01-01,,True
426,426,travel,66.72,2023-01-01,,True
427,427,crypto,95.57,2023-01-01,,True
428,428,gambling,66.2,2023-01-01,,True
429,429,gambling,84.46,2023-01-01,,True
430,430,utilities,2.45,2023-01-01,,True
431,431,digital_goods,49.05,2023-01-01,,True
432,432,gambling,84.01,2023-01-01,,True
433,433,gambling,73.2,2023-01-01,,True
434,434,utilities,11.39,2023-01-01,,True
435,435,travel,53.15,2023-01-01,,True
436,436,electronics,44.96,2023-01-01,,True
437,437,crypto,80.92,2023-01-01,,True
438,438,gambling,76.36,2023-01-01,,True
439,439,travel,53.51,2023-01-01,,True
440,440,gambling,91.95,2023-01-01,,True
441,441,utilities,2.09,2023-01-01,,True
442,442,electronics,33.81,2023-01-01,,True
443,443,retail,29.32,2023-01-01,,True
444,444,luxury,57.8,2023-01-01,,True
445,445,utilities,6.68,2023-01-01,,True
446,446,luxury,78.6,2023-01-01,,True
447,447,electronics,37.08,2023-01-01,,True
448,448,utilities,12.1,2023-01-01,,True
449,449,travel,65.49,2023-01-01,,True
450,450,digital_goods,20.2,2023-01-01,,True
451,451,entertainment,36.46,2023-01-01,,True
452,452,electronics,40.4,2023-01-01,,True
453,453,entertainment,16.9,2023-01-01,,True
454,454,entertainment,25.44,2023-01-01,,True
455,455,travel,41.23,2023-01-01,,True
456,456,restaurant,8.0,2023-01-01,,True
457,457,retail,8.93,2023-01-01,,True
458,458,gambling,83.06,2023-01-01,,True
459,459,digital_goods,44.51,2023-01-01,,True
460,460,travel,56.44,2023-01-01,,True
461,461,entertainment,22.44,2023-01-01,,True
462,462,gambling,74.91,2023-01-01,,True
463,463,travel,34.53,2023-01-01,,True
464,464,digital_goods,40.26,2023-01-01,,True
465,465,utilities,7.71,2023-01-01,,True
466,466,gambling,82.72,2023-01-01,,True
467,467,utilities,10.06,2023-01-01,,True
468,468,restaurant,13.22,2023-01-01,,True
469,469,utilities,4.41,2023-01-01,,True
470,470,gambling,68.84,2023-01-01,,True
471,471,retail,19.81,2023-01-01,,True
472,472,utilities,2.89,2023-01-01,,True
473,473,crypto,84.87,2023-01-01,,True
474,474,digital_goods,46.72,2023-01-01,,True
475,475,digital_goods,24.41,2023-01-01,,True
476,476,gambling,69.99,2023-01-01,,True
477,477,utilities,13.91,2023-01-01,,True
478,478,utilities,8.23,2023-01-01,,True
479,479,retail,15.14,2023-01-01,,True
480,480,utilities,14.57,2023-01-01,,True
481,481,retail,20.94,2023-01-01,,True
482,482,crypto,95.48,2023-01-01,,True
483,483,electronics,50.48,2023-01-01,,True
484,484,gambling,89.64,2023-01-01,,True
485,485,retail,28.68,2023-01-01,,True
486,486,travel,38.66,2023-01-01,,True
487,487,restaurant,17.13,2023-01-01,,True
488,488,digital_goods,34.14,2023-01-01,,True
489,489,electronics,41.86,2023-01-01,,True
490,490,retail,10.48,2023-01-01,,True
491,491,gambling,77.32,2023-01-01,,True
492,492,gambling,69.28,2023-01-01,,True
493,493,utilities,9.16,2023-01-01,,True
494,494,travel,60.7,2023-01-01,,True
495,495,travel,54.93,2023-01-01,,True
496,496,crypto,84.81,2023-01-01,,True
497,497,utilities,3.35,2023-01-01,,True
498,498,restaurant,18.71,2023-01-01,,True
499,499,electronics,57.28,2023-01-01,,True
500,500,restaurant,16.93,2023-01-01,,True
501,501,travel,32.75,2023-01-01,,True
502,502,digital_goods,31.35,2023-01-01,,True
503,503,digital_goods,23.97,2023-01-01,,True
504,504,retail,5.41,2023-01-01,,True
505,505,crypto,85.16,2023-01-01,,True
506,506,restaurant,23.19,2023-01-01,,True
507,507,restaurant,18.69,2023-01-01,,True
508,508,electronics,53.93,2023-01-01,,True
509,509,travel,54.22,2023-01-01,,True
510,510,electronics,31.21,2023-01-01,,True
511,511,electronics,56.56,2023-01-01,,True
512,512,digital_goods,37.99,2023-01-01,,True
513,513,entertainment,36.33,2023-01-01,,True
514,514,luxury,68.6,2023-01-01,,True
515,515,electronics,51.33,2023-01-01,,True
516,516,entertainment,12.8,2023-01-01,,True
517,517,electronics,48.08,2023-01-01,,True
518,518,entertainment,37.06,2023-01-01,,True
519,519,luxury,68.88,2023-01-01,,True
520,520,digital_goods,20.04,2023-01-01,,True
521,521,luxury,82.82,2023-01-01,,True
522,522,luxury,73.75,2023-01-01,,True
523,523,retail,15.79,2023-01-01,,True
524,524,digital_goods,32.62,2023-01-01,,True
525,525,digital_goods,46.24,2023-01-01,,True
526,526,gambling,85.93,2023-01-01,,True
527,527,digital_goods,32.87,2023-01-01,,True
528,528,travel,67.54,2023-01-01,,True
529,529,electronics,41.87,2023-01-01,,True
530,530,crypto,92.29,2023-01-01,,True
531,531,travel,44.02,2023-01-01,,True
532,532,retail,25.12,2023-01-01,,True
533,533,luxury,81.78,2023-01-01,,True
534,534,entertainment,35.12,2023-01-01,,True
535,535,retail,19.4,2023-01-01,,True
536,536,entertainment,22.76,2023-01-01,,True
537,537,retail,11.36,2023-01-01,,True
538,538,crypto,92.21,2023-01-01,,True
539,539,crypto,96.39,2023-01-01,,True
540,540,digital_goods,22.51,2023-01-01,,True
541,541,luxury,70.94,2023-01-01,,True
542,542,travel,51.75,2023-01-01,,True
543,543,utilities,4.61,2023-01-01,,True
544,544,travel,30.22,2023-01-01,,True
545,545,luxury,76.03,2023-01-01,,True
546,546,travel,30.28,2023-01-01,,True
547,547,utilities,8.32,2023-01-01,,True
548,548,digital_goods,35.59,2023-01-01,,True
549,549,restaurant,12.5,2023-01-01,,True
550,550,travel,38.22,2023-01-01,,True
551,551,crypto,93.32,2023-01-01,,True
552,552,luxury,64.31,2023-01-01,,True
553,553,travel,34.26,2023-01-01,,True
554,554,utilities,6.97,2023-01-01,,True
555,555,electronics,45.49,2023-01-01,,True
556,556,restaurant,10.23,2023-01-01,,True
557,557,crypto,85.55,2023-01-01,,True
558,558,electronics,44.76,2023-01-01,,True
559,559,digital_goods,38.36,2023-01-01,,True
560,560,crypto,98.76,2023-01-01,,True
561,561,gambling,76.92,2023-01-01,,True
562,562,electronics,32.13,2023-01-01,,True
563,563,gambling,81.56,2023-01-01,,True
564,564,utilities,8.81,2023-01-01,,True
565,565,digital_goods,25.36,2023-01-01,,True
566,566,gambling,81.77,2023-01-01,,True
567,567,gambling,79.51,2023-01-01,,True
568,568,utilities,14.84,2023-01-01,,True
569,569,digital_goods,37.33,2023-01-01,,True
570,570,entertainment,33.23,2023-01-01,,True
571,571,utilities,6.57,2023-01-01,,True
572,572,restaurant,7.76,2023-01-01,,True
573,573,utilities,13.09,2023-01-01,,True
574,574,entertainment,13.57,2023-01-01,,True
575,575,electronics,33.04,2023-01-01,,True
576,576,retail,24.58,2023-01-01,,True
577,577,electronics,58.22,2023-01-01,,True
578,578,electronics,28.51,2023-01-01,,True
579,579,luxury,67.79,2023-01-01,,True
580,580,restaurant,20.72,2023-01-01,,True
581,581,crypto,93.22,2023-01-01,,True
582,582,travel,54.56,2023-01-01,,True
583,583,crypto,89.85,2023-01-01,,True
584,584,entertainment,11.56,2023-01-01,,True
585,585,restaurant,12.78,2023-01-01,,True
586,586,retail,20.9,2023-01-01,,True
587,587,entertainment,34.13,2023-01-01,,True
588,588,entertainment,34.7,2023-01-01,,True
589,589,retail,16.79,2023-01-01,,True
590,590,digital_goods,38.01,2023-01-01,,True
591,591,utilities,2.23,2023-01-01,,True
592,592,luxury,59.21,2023-01-01,,True
593,593,utilities,6.19,2023-01-01,,True
594,594,crypto,87.66,2023-01-01,,True
595,595,digital_goods,41.73,2023-01-01,,True
596,596,crypto,96.99,2023-01-01,,True
597,597,electronics,39.02,2023-01-01,,True
598,598,travel,56.25,2023-01-01,,True
599,599,luxury,60.03,2023-01-01,,True
600,600,digital_goods,48.91,2023-01-01,,True
601,601,gambling,66.72,2023-01-01,,True
602,602,electronics,52.08,2023-01-01,,True
603,603,restaurant,8.51,2023-01-01,,True
604,604,restaurant,14.89,2023-01-01,,True
605,605,travel,30.43,2023-01-01,,True
606,606,utilities,12.91,2023-01-01,,True
607,607,entertainment,37.92,2023-01-01,,True
608,608,utilities,8.25,2023-01-01,,True
609,609,gambling,70.84,2023-01-01,,True
610,610,utilities,11.98,2023-01-01,,True
611,611,gambling,80.32,2023-01-01,,True
612,612,retail,22.46,2023-01-01,,True
613,613,utilities,9.61,2023-01-01,,True
614,614,travel,56.96,2023-01-01,,True
615,615,gambling,75.79,2023-01-01,,True
616,616,electronics,47.93,2023-01-01,,True
617,617,crypto,98.29,2023-01-01,,True
618,618,gambling,67.61,2023-01-01,,True
619,619,electronics,34.66,2023-01-01,,True
620,620,utilities,6.59,2023-01-01,,True
621,621,crypto,89.42,2023-01-01,,True
622,622,travel,46.22,2023-01-01,,True
623,623,gambling,71.01,2023-01-01,,True
624,624,utilities,1.22,2023-01-01,,True
625,625,gambling,86.11,2023-01-01,,True
626,626,travel,66.77,2023-01-01,,True
627,627,restaurant,15.99,2023-01-01,,True
628,628,crypto,91.06,2023-01-01,,True
629,629,entertainment,26.77,2023-01-01,,True
630,630,restaurant,16.66,2023-01-01,,True
631,631,digital_goods,30.42,2023-01-01,,True
632,632,electronics,53.54,2023-01-01,,True
633,633,utilities,4.17,2023-01-01,,True
634,634,retail,29.08,2023-01-01,,True
635,635,electronics,40.92,2023-01-01,,True
636,636,retail,15.1,2023-01-01,,True
637,637,retail,5.12,2023-01-01,,True
638,638,crypto,75.08,2023-01-01,,True
639,639,retail,17.66,2023-01-01,,True
640,640,travel,52.35,2023-01-01,,True
641,641,retail,17.58,2023-01-01,,True
642,642,digital_goods,30.2,2023-01-01,,True
643,643,digital_goods,23.51,2023-01-01,,True
644,644,gambling,80.4,2023-01-01,,True
645,645,utilities,4.61,2023-01-01,,True
646,646,travel,51.52,2023-01-01,,True
647,647,digital_goods,43.8,2023-01-01,,True
648,648,crypto,77.25,2023-01-01,,True
649,649,travel,47.71,2023-01-01,,True
650,650,utilities,6.28,2023-01-01,,True
651,651,crypto,84.03,2023-01-01,,True
652,652,retail,11.08,2023-01-01,,True
653,653,crypto,79.85,2023-01-01,,True
654,654,electronics,52.15,2023-01-01,,True
655,655,crypto,89.77,2023-01-01,,True
656,656,digital_goods,46.9,2023-01-01,,True
657,657,electronics,55.17,2023-01-01,,True
658,658,gambling,79.46,2023-01-01,,True
659,659,restaurant,10.16,2023-01-01,,True
660,660,crypto,81.1,2023-01-01,,True
661,661,utilities,12.04,2023-01-01,,True
662,662,retail,10.51,2023-01-01,,True
663,663,digital_goods,41.04,2023-01-01,,True
664,664,travel,62.01,2023-01-01,,True
665,665,electronics,39.43,2023-01-01,,True
666,666,utilities,5.94,2023-01-01,,True
667,667,electronics,43.75,2023-01-01,,True
668,668,entertainment,31.02,2023-01-01,,True
669,669,gambling,72.9,2023-01-01,,True
670,670,entertainment,18.62,2023-01-01,,True
671,671,luxury,63.96,2023-01-01,,True
672,672,travel,59.95,2023-01-01,,True
673,673,utilities,5.79,2023-01-01,,True
674,674,restaurant,16.09,2023-01-01,,True
675,675,crypto,75.18,2023-01-01,,True
676,676,travel,42.55,2023-01-01,,True
677,677,crypto,76.34,2023-01-01,,True
678,678,restaurant,16.47,2023-01-01,,True
679,679,electronics,31.4,2023-01-01,,True
680,680,luxury,76.12,2023-01-01,,True
681,681,gambling,92.91,2023-01-01,,True
682,682,entertainment,15.71,2023-01-01,,True
683,683,gambling,87.11,2023-01-01,,True
684,684,luxury,58.22,2023-01-01,,True
685,685,luxury,58.47,2023-01-01,,True
686,686,retail,11.64,2023-01-01,,True
687,687,luxury,58.02,2023-01-01,,True
688,688,travel,63.4,2023-01-01,,True
689,689,restaurant,21.73,2023-01-01,,True
690,690,utilities,5.98,2023-01-01,,True
691,691,travel,61.16,2023-01-01,,True
692,692,entertainment,13.6,2023-01-01,,True
693,693,electronics,27.75,2023-01-01,,True
694,694,electronics,58.45,2023-01-01,,True
695,695,electronics,42.24,2023-01-01,,True
696,696,entertainment,10.2,2023-01-01,,True
697,697,restaurant,22.14,2023-01-01,,True
698,698,electronics,58.53,2023-01-01,,True
699,699,retail,26.2,2023-01-01,,True
700,700,restaurant,12.42,2023-01-01,,True
701,701,crypto,79.15,2023-01-01,,True
702,702,electronics,56.43,2023-01-01,,True
703,703,travel,65.24,2023-01-01,,True
704,704,digital_goods,37.24,2023-01-01,,True
705,705,travel,40.99,2023-01-01,,True
706,706,entertainment,15.49,2023-01-01,,True
707,707,crypto,92.16,2023-01-01,,True
708,708,travel,50.45,2023-01-01,,True
709,709,digital_goods,31.94,2023-01-01,,True
710,710,gambling,87.51,2023-01-01,,True
711,711,electronics,29.49,2023-01-01,,True
712,712,luxury,68.4,2023-01-01,,True
713,713,retail,15.58,2023-01-01,,True
714,714,luxury,82.89,2023-01-01,,True
715,715,utilities,1.46,2023-01-01,,True
716,716,entertainment,20.42,2023-01-01,,True
717,717,crypto,94.95,2023-01-01,,True
718,718,digital_goods,43.28,2023-01-01,,True
719,719,entertainment,23.72,2023-01-01,,True
720,720,travel,34.81,2023-01-01,,True
721,721,retail,17.96,2023-01-01,,True
722,722,electronics,36.05,2023-01-01,,True
723,723,luxury,50.29,2023-01-01,,True
724,724,restaurant,18.48,2023-01-01,,True
725,725,luxury,63.28,2023-01-01,,True
726,726,luxury,53.53,2023-01-01,,True
727,727,luxury,62.66,2023-01-01,,True
728,728,retail,26.55,2023-01-01,,True
729,729,entertainment,15.61,2023-01-01,,True
730,730,electronics,34.2,2023-01-01,,True
731,731,digital_goods,28.08,2023-01-01,,True
732,732,retail,28.96,2023-01-01,,True
733,733,restaurant,11.86,2023-01-01,,True
734,734,entertainment,15.52,2023-01-01,,True
735,735,utilities,6.94,2023-01-01,,True
736,736,utilities,6.87,2023-01-01,,True
737,737,travel,60.09,2023-01-01,,True
738,738,entertainment,20.95,2023-01-01,,True
739,739,utilities,6.61,2023-01-01,,True
740,740,utilities,7.31,2023-01-01,,True
741,741,retail,19.29,2023-01-01,,True
742,742,retail,29.48,2023-01-01,,True
743,743,travel,57.44,2023-01-01,,True
744,744,retail,25.35,2023-01-01,,True
745,745,crypto,90.9,2023-01-01,,True
746,746,restaurant,21.08,2023-01-01,,True
747,747,travel,52.21,2023-01-01,,True
748,748,crypto,94.83,2023-01-01,,True
749,749,entertainment,15.88,2023-01-01,,True
750,750,entertainment,34.0,2023-01-01,,True
751,751,restaurant,19.77,2023-01-01,,True
752,752,gambling,79.19,2023-01-01,,True
753,753,travel,30.39,2023-01-01,,True
754,754,digital_goods,32.65,2023-01-01,,True
755,755,luxury,54.71,2023-01-01,,True
756,756,crypto,95.9,2023-01-01,,True
757,757,digital_goods,38.92,2023-01-01,,True
758,758,luxury,68.69,2023-01-01,,True
759,759,restaurant,11.31,2023-01-01,,True
760,760,electronics,42.03,2023-01-01,,True
761,761,retail,11.27,2023-01-01,,True
762,762,restaurant,22.17,2023-01-01,,True
763,763,electronics,26.67,2023-01-01,,True
764,764,utilities,2.39,2023-01-01,,True
765,765,luxury,55.72,2023-01-01,,True
766,766,gambling,71.46,2023-01-01,,True
767,767,digital_goods,27.63,2023-01-01,,True
768,768,utilities,12.75,2023-01-01,,True
769,769,entertainment,12.89,2023-01-01,,True
770,770,utilities,11.42,2023-01-01,,True
771,771,entertainment,17.79,2023-01-01,,True
772,772,entertainment,20.81,2023-01-01,,True
773,773,crypto,86.17,2023-01-01,,True
774,774,crypto,93.49,2023-01-01,,True
775,775,luxury,62.04,2023-01-01,,True
776,776,utilities,6.76,2023-01-01,,True
777,777,restaurant,12.02,2023-01-01,,True
778,778,electronics,48.79,2023-01-01,,True
779,779,restaurant,17.11,2023-01-01,,True
780,780,restaurant,16.54,2023-01-01,,True
781,781,gambling,84.5,2023-01-01,,True
782,782,retail,18.46,2023-01-01,,True
783,783,travel,69.17,2023-01-01,,True
784,784,digital_goods,28.54,2023-01-01,,True
785,785,travel,43.0,2023-01-01,,True
786,786,crypto,84.8,2023-01-01,,True
787,787,crypto,92.47,2023-01-01,,True
788,788,travel,47.88,2023-01-01,,True
789,789,electronics,27.74,2023-01-01,,True
790,790,travel,54.55,2023-01-01,,True
791,791,gambling,78.91,2023-01-01,,True
792,792,entertainment,38.7,2023-01-01,,True
793,793,entertainment,36.05,2023-01-01,,True
794,794,restaurant,17.81,2023-01-01,,True
795,795,crypto,96.93,2023-01-01,,True
796,796,gambling,77.65,2023-01-01,,True
797,797,utilities,9.57,2023-01-01,,True
798,798,travel,46.19,2023-01-01,,True
799,799,utilities,13.7,2023-01-01,,True
800,800,retail,6.98,2023-01-01,,True
801,801,gambling,75.31,2023-01-01,,True
802,802,restaurant,11.27,2023-01-01,,True
803,803,restaurant,18.06,2023-01-01,,True
804,804,digital_goods,41.31,2023-01-01,,True
805,805,electronics,46.19,2023-01-01,,True
806,806,travel,45.82,2023-01-01,,True
807,807,digital_goods,46.63,2023-01-01,,True
808,808,digital_goods,43.43,2023-01-01,,True
809,809,luxury,82.86,2023-01-01,,True
810,810,travel,59.92,2023-01-01,,True
811,811,gambling,80.63,2023-01-01,,True
812,812,luxury,65.76,2023-01-01,,True
813,813,restaurant,8.35,2023-01-01,,True
814,814,restaurant,22.08,2023-01-01,,True
815,815,retail,8.13,2023-01-01,,True
816,816,luxury,58.21,2023-01-01,,True
817,817,luxury,58.81,2023-01-01,,True
818,818,entertainment,32.32,2023-01-01,,True
819,819,restaurant,19.99,2023-01-01,,True
820,820,gambling,71.32,2023-01-01,,True
821,821,crypto,81.51,2023-01-01,,True
822,822,crypto,72.77,2023-01-01,,True
823,823,travel,67.47,2023-01-01,,True
824,824,crypto,83.72,2023-01-01,,True
825,825,electronics,26.88,2023-01-01,,True
826,826,utilities,11.79,2023-01-01,,True
827,827,travel,50.96,2023-01-01,,True
828,828,luxury,84.86,2023-01-01,,True
829,829,crypto,73.01,2023-01-01,,True
830,830,entertainment,28.54,2023-01-01,,True
831,831,travel,33.37,2023-01-01,,True
832,832,luxury,82.61,2023-01-01,,True
833,833,digital_goods,31.7,2023-01-01,,True
834,834,luxury,58.03,2023-01-01,,True
835,835,restaurant,19.75,2023-01-01,,True
836,836,crypto,82.85,2023-01-01,,True
837,837,luxury,54.42,2023-01-01,,True
838,838,electronics,43.44,2023-01-01,,True
839,839,restaurant,8.41,2023-01-01,,True
840,840,luxury,51.23,2023-01-01,,True
841,841,gambling,75.71,2023-01-01,,True
842,842,entertainment,37.46,2023-01-01,,True
843,843,gambling,90.93,2023-01-01,,True
844,844,utilities,7.54,2023-01-01,,True
845,845,restaurant,22.42,2023-01-01,,True
846,846,electronics,57.72,2023-01-01,,True
847,847,digital_goods,36.46,2023-01-01,,True
848,848,crypto,73.92,2023-01-01,,True
849,849,travel,67.94,2023-01-01,,True
850,850,utilities,8.55,2023-01-01,,True
851,851,luxury,70.68,2023-01-01,,True
852,852,restaurant,14.13,2023-01-01,,True
853,853,electronics,51.21,2023-01-01,,True
854,854,utilities,13.28,2023-01-01,,True
855,855,crypto,82.61,2023-01-01,,True
856,856,restaurant,17.8,2023-01-01,,True
857,857,digital_goods,36.01,2023-01-01,,True
858,858,retail,27.72,2023-01-01,,True
859,859,travel,49.27,2023-01-01,,True
860,860,gambling,71.81,2023-01-01,,True
861,861,electronics,28.13,2023-01-01,,True
862,862,luxury,60.78,2023-01-01,,True
863,863,entertainment,22.37,2023-01-01,,True
864,864,retail,8.89,2023-01-01,,True
865,865,electronics,25.37,2023-01-01,,True
866,866,electronics,43.32,2023-01-01,,True
867,867,restaurant,20.17,2023-01-01,,True
868,868,digital_goods,24.09,2023-01-01,,True
869,869,entertainment,18.6,2023-01-01,,True
870,870,luxury,68.73,2023-01-01,,True
871,871,restaurant,18.76,2023-01-01,,True
872,872,retail,17.3,2023-01-01,,True
873,873,electronics,51.44,2023-01-01,,True
874,874,utilities,5.19,2023-01-01,,True
875,875,travel,60.63,2023-01-01,,True
876,876,entertainment,33.94,2023-01-01,,True
877,877,travel,53.88,2023-01-01,,True
878,878,utilities,12.15,2023-01-01,,True
879,879,entertainment,26.45,2023-01-01,,True
880,880,crypto,75.47,2023-01-01,,True
881,881,gambling,91.46,2023-01-01,,True
882,882,restaurant,13.74,2023-01-01,,True
883,883,utilities,4.5,2023-01-01,,True
884,884,retail,22.87,2023-01-01,,True
885,885,crypto,88.73,2023-01-01,,True
886,886,digital_goods,44.85,2023-01-01,,True
887,887,retail,10.51,2023-01-01,,True
888,888,utilities,2.11,2023-01-01,,True
889,889,crypto,88.13,2023-01-01,,True
890,890,digital_goods,35.5,2023-01-01,,True
891,891,gambling,89.0,2023-01-01,,True
892,892,utilities,9.59,2023-01-01,,True
893,893,retail,22.35,2023-01-01,,True
894,894,electronics,34.52,2023-01-01,,True
895,895,gambling,84.45,2023-01-01,,True
896,896,electronics,43.62,2023-01-01,,True
897,897,utilities,4.76,2023-01-01,,True
898,898,crypto,75.45,2023-01-01,,True
899,899,entertainment,12.05,2023-01-01,,True
900,900,entertainment,14.1,2023-01-01,,True
901,901,electronics,28.86,2023-01-01,,True
902,902,restaurant,14.11,2023-01-01,,True
903,903,travel,48.11,2023-01-01,,True
904,904,luxury,74.52,2023-01-01,,True
905,905,electronics,42.22,2023-01-01,,True
906,906,crypto,79.3,2023-01-01,,True
907,907,restaurant,8.04,2023-01-01,,True
908,908,electronics,58.94,2023-01-01,,True
909,909,digital_goods,20.66,2023-01-01,,True
910,910,crypto,98.2,2023-01-01,,True
911,911,electronics,34.87,2023-01-01,,True
912,912,utilities,2.75,2023-01-01,,True
913,913,travel,47.54,2023-01-01,,True
914,914,digital_goods,20.25,2023-01-01,,True
915,915,travel,33.61,2023-01-01,,True
916,916,travel,30.59,2023-01-01,,True
917,917,utilities,4.04,2023-01-01,,True
918,918,luxury,64.71,2023-01-01,,True
919,919,restaurant,20.71,2023-01-01,,True
920,920,entertainment,24.95,2023-01-01,,True
921,921,retail,14.28,2023-01-01,,True
922,922,electronics,49.39,2023-01-01,,True
923,923,gambling,65.95,2023-01-01,,True
924,924,utilities,2.12,2023-01-01,,True
925,925,digital_goods,42.52,2023-01-01,,True
926,926,electronics,30.11,2023-01-01,,True
927,927,crypto,77.73,2023-01-01,,True
928,928,retail,14.81,2023-01-01,,True
929,929,crypto,85.75,2023-01-01,,True
930,930,luxury,56.36,2023-01-01,,True
931,931,retail,27.39,2023-01-01,,True
932,932,luxury,58.75,2023-01-01,,True
933,933,utilities,6.34,2023-01-01,,True
934,934,crypto,70.37,2023-01-01,,True
935,935,crypto,98.26,2023-01-01,,True
936,936,digital_goods,41.44,2023-01-01,,True
937,937,travel,45.39,2023-01-01,,True
938,938,electronics,59.12,2023-01-01,,True
939,939,travel,39.89,2023-01-01,,True
940,940,crypto,98.84,2023-01-01,,True
941,941,electronics,31.97,2023-01-01,,True
942,942,digital_goods,42.06,2023-01-01,,True
943,943,travel,33.76,2023-01-01,,True
944,944,restaurant,18.32,2023-01-01,,True
945,945,crypto,76.04,2023-01-01,,True
946,946,utilities,6.45,2023-01-01,,True
947,947,electronics,58.64,2023-01-01,,True
948,948,restaurant,23.72,2023-01-01,,True
949,949,crypto,74.6,2023-01-01,,True
950,950,gambling,86.85,2023-01-01,,True
951,951,electronics,51.07,2023-01-01,,True
952,952,travel,51.98,2023-01-01,,True
953,953,travel,34.89,2023-01-01,,True
954,954,entertainment,24.44,2023-01-01,,True
955,955,electronics,35.46,2023-01-01,,True
956,956,digital_goods,30.81,2023-01-01,,True
957,957,luxury,51.82,2023-01-01,,True
958,958,restaurant,18.33,2023-01-01,,True
959,959,utilities,14.63,2023-01-01,,True
960,960,crypto,76.84,2023-01-01,,True
961,961,entertainment,23.02,2023-01-01,,True
962,962,retail,5.38,2023-01-01,,True
963,963,travel,61.78,2023-01-01,,True
964,964,luxury,70.46,2023-01-01,,True
965,965,luxury,63.85,2023-01-01,,True
966,966,gambling,72.29,2023-01-01,,True
967,967,crypto,98.1,2023-01-01,,True
968,968,luxury,70.34,2023-01-01,,True
969,969,digital_goods,40.72,2023-01-01,,True
970,970,gambling,85.65,2023-01-01,,True
971,971,travel,36.2,2023-01-01,,True
972,972,utilities,11.79,2023-01-01,,True
973,973,crypto,77.21,2023-01-01,,True
974,974,entertainment,25.0,2023-01-01,,True
975,975,utilities,10.6,2023-01-01,,True
976,976,gambling,75.15,2023-01-01,,True
977,977,travel,68.79,2023-01-01,,True
978,978,entertainment,32.79,2023-01-01,,True
979,979,digital_goods,21.8,2023-01-01,,True
980,980,electronics,37.44,2023-01-01,,True
981,981,retail,8.85,2023-01-01,,True
982,982,electronics,43.77,2023-01-01,,True
983,983,digital_goods,23.22,2023-01-01,,True
984,984,retail,17.2,2023-01-01,,True
985,985,electronics,36.09,2023-01-01,,True
986,986,electronics,44.54,2023-01-01,,True
987,987,gambling,84.34,2023-01-01,,True
988,988,entertainment,20.42,2023-01-01,,True
989,989,digital_goods,46.75,2023-01-01,,True
990,990,digital_goods,42.0,2023-01-01,,True
991,991,utilities,1.3,2023-01-01,,True
992,992,digital_goods,31.33,2023-01-01,,True
993,993,restaurant,19.49,2023-01-01,,True
994,994,retail,11.27,2023-01-01,,True
995,995,electronics,26.38,2023-01-01,,True
996,996,retail,22.67,2023-01-01,,True
997,997,crypto,86.21,2023-01-01,,True
998,998,entertainment,26.28,2023-01-01,,True
999,999,luxury,67.15,2023-01-01,,True
1000,1000,crypto,86.43,2023-01-01,,True
1001,1001,retail,18.59,2023-01-01,,True
1002,1002,gambling,74.71,2023-01-01,,True
1003,1003,travel,48.74,2023-01-01,,True
1004,1004,utilities,13.15,2023-01-01,,True
1005,1005,luxury,70.95,2023-01-01,,True
1006,1006,entertainment,35.82,2023-01-01,,True
1007,1007,gambling,69.81,2023-01-01,,True
1008,1008,crypto,85.4,2023-01-01,,True
1009,1009,utilities,7.29,2023-01-01,,True
1010,1010,entertainment,34.58,2023-01-01,,True
1011,1011,electronics,43.96,2023-01-01,,True
1012,1012,travel,48.16,2023-01-01,,True
1013,1013,retail,24.4,2023-01-01,,True
1014,1014,luxury,67.71,2023-01-01,,True
1015,1015,electronics,50.68,2023-01-01,,True
1016,1016,entertainment,36.49,2023-01-01,,True
1017,1017,digital_goods,38.59,2023-01-01,,True
1018,1018,restaurant,12.28,2023-01-01,,True
1019,1019,entertainment,28.61,2023-01-01,,True
1020,1020,luxury,61.22,2023-01-01,,True
1021,1021,retail,6.58,2023-01-01,,True
1022,1022,electronics,58.85,2023-01-01,,True
1023,1023,luxury,78.67,2023-01-01,,True
1024,1024,crypto,75.51,2023-01-01,,True
1025,1025,luxury,73.91,2023-01-01,,True
1026,1026,restaurant,20.31,2023-01-01,,True
1027,1027,crypto,74.47,2023-01-01,,True
1028,1028,luxury,59.91,2023-01-01,,True
1029,1029,electronics,39.34,2023-01-01,,True
1030,1030,crypto,79.34,2023-01-01,,True
1031,1031,entertainment,12.89,2023-01-01,,True
1032,1032,gambling,84.77,2023-01-01,,True
1033,1033,crypto,71.27,2023-01-01,,True
1034,1034,retail,28.44,2023-01-01,,True
1035,1035,electronics,31.25,2023-01-01,,True
1036,1036,travel,31.25,2023-01-01,,True
1037,1037,electronics,28.75,2023-01-01,,True
1038,1038,electronics,31.71,2023-01-01,,True
1039,1039,entertainment,10.95,2023-01-01,,True
1040,1040,travel,55.67,2023-01-01,,True
1041,1041,luxury,63.6,2023-01-01,,True
1042,1042,utilities,7.86,2023-01-01,,True
1043,1043,luxury,71.84,2023-01-01,,True
1044,1044,entertainment,27.71,2023-01-01,,True
1045,1045,digital_goods,21.47,2023-01-01,,True
1046,1046,restaurant,9.41,2023-01-01,,True
1047,1047,entertainment,31.54,2023-01-01,,True
1048,1048,restaurant,5.26,2023-01-01,,True
1049,1049,crypto,96.71,2023-01-01,,True
1050,1050,retail,21.39,2023-01-01,,True
1051,1051,luxury,82.49,2023-01-01,,True
1052,1052,restaurant,21.64,2023-01-01,,True
1053,1053,entertainment,24.04,2023-01-01,,True
1054,1054,retail,20.97,2023-01-01,,True
1055,1055,restaurant,12.22,2023-01-01,,True
1056,1056,crypto,91.56,2023-01-01,,True
1057,1057,luxury,81.17,2023-01-01,,True
1058,1058,gambling,89.66,2023-01-01,,True
1059,1059,retail,24.86,2023-01-01,,True
1060,1060,retail,6.46,2023-01-01,,True
1061,1061,travel,54.68,2023-01-01,,True
1062,1062,retail,18.23,2023-01-01,,True
1063,1063,electronics,50.7,2023-01-01,,True
1064,1064,utilities,12.68,2023-01-01,,True
1065,1065,gambling,67.34,2023-01-01,,True
1066,1066,retail,10.4,2023-01-01,,True
1067,1067,entertainment,25.58,2023-01-01,,True
1068,1068,entertainment,13.04,2023-01-01,,True
1069,1069,restaurant,9.62,2023-01-01,,True
1070,1070,crypto,81.17,2023-01-01,,True
1071,1071,travel,37.72,2023-01-01,,True
1072,1072,utilities,10.2,2023-01-01,,True
1073,1073,retail,19.25,2023-01-01,,True
1074,1074,restaurant,23.95,2023-01-01,,True
1075,1075,entertainment,26.75,2023-01-01,,True
1076,1076,gambling,81.74,2023-01-01,,True
1077,1077,crypto,91.64,2023-01-01,,True
1078,1078,crypto,92.22,2023-01-01,,True
1079,1079,travel,53.06,2023-01-01,,True
1080,1080,restaurant,18.49,2023-01-01,,True
1081,1081,retail,22.56,2023-01-01,,True
1082,1082,travel,47.08,2023-01-01,,True
1083,1083,gambling,68.12,2023-01-01,,True
1084,1084,luxury,77.74,2023-01-01,,True
1085,1085,electronics,44.25,2023-01-01,,True
1086,1086,utilities,8.07,2023-01-01,,True
1087,1087,utilities,10.21,2023-01-01,,True
1088,1088,entertainment,26.02,2023-01-01,,True
1089,1089,retail,20.0,2023-01-01,,True
1090,1090,crypto,97.07,2023-01-01,,True
1091,1091,electronics,56.59,2023-01-01,,True
1092,1092,entertainment,26.5,2023-01-01,,True
1093,1093,digital_goods,49.91,2023-01-01,,True
1094,1094,luxury,79.57,2023-01-01,,True
1095,1095,travel,46.49,2023-01-01,,True
1096,1096,crypto,88.36,2023-01-01,,True
1097,1097,travel,63.05,2023-01-01,,True
1098,1098,crypto,79.38,2023-01-01,,True
1099,1099,travel,39.63,2023-01-01,,True
1100,1100,gambling,81.37,2023-01-01,,True
1101,1101,travel,45.0,2023-01-01,,True
1102,1102,restaurant,16.0,2023-01-01,,True
1103,1103,utilities,11.42,2023-01-01,,True
1104,1104,gambling,75.8,2023-01-01,,True
1105,1105,utilities,7.33,2023-01-01,,True
1106,1106,gambling,93.79,2023-01-01,,True
1107,1107,electronics,25.01,2023-01-01,,True
1108,1108,retail,5.87,2023-01-01,,True
1109,1109,utilities,4.98,2023-01-01,,True
1110,1110,entertainment,10.49,2023-01-01,,True
1111,1111,travel,35.4,2023-01-01,,True
1112,1112,luxury,81.16,2023-01-01,,True
1113,1113,electronics,25.23,2023-01-01,,True
1114,1114,retail,29.61,2023-01-01,,True
1115,1115,travel,38.59,2023-01-01,,True
1116,1116,restaurant,11.3,2023-01-01,,True
1117,1117,luxury,77.0,2023-01-01,,True
1118,1118,restaurant,23.87,2023-01-01,,True
1119,1119,crypto,93.85,2023-01-01,,True
1120,1120,utilities,13.87,2023-01-01,,True
1121,1121,electronics,42.89,2023-01-01,,True
1122,1122,crypto,86.55,2023-01-01,,True
1123,1123,luxury,70.01,2023-01-01,,True
1124,1124,luxury,53.3,2023-01-01,,True
1125,1125,entertainment,23.81,2023-01-01,,True
1126,1126,gambling,69.68,2023-01-01,,True
1127,1127,utilities,4.71,2023-01-01,,True
1128,1128,utilities,13.45,2023-01-01,,True
1129,1129,travel,39.99,2023-01-01,,True
1130,1130,electronics,33.97,2023-01-01,,True
1131,1131,digital_goods,29.01,2023-01-01,,True
1132,1132,utilities,8.99,2023-01-01,,True
1133,1133,luxury,69.92,2023-01-01,,True
1134,1134,luxury,57.61,2023-01-01,,True
1135,1135,crypto,72.24,2023-01-01,,True
1136,1136,entertainment,19.74,2023-01-01,,True
1137,1137,digital_goods,34.48,2023-01-01,,True
1138,1138,gambling,79.65,2023-01-01,,True
1139,1139,digital_goods,46.97,2023-01-01,,True
1140,1140,crypto,90.38,2023-01-01,,True
1141,1141,digital_goods,44.59,2023-01-01,,True
1142,1142,travel,33.81,2023-01-01,,True
1143,1143,gambling,84.27,2023-01-01,,True
1144,1144,crypto,71.08,2023-01-01,,True
1145,1145,restaurant,21.17,2023-01-01,,True
1146,1146,retail,14.54,2023-01-01,,True
1147,1147,utilities,11.92,2023-01-01,,True
1148,1148,travel,66.87,2023-01-01,,True
1149,1149,retail,13.36,2023-01-01,,True
1150,1150,electronics,55.79,2023-01-01,,True
1151,1151,digital_goods,33.03,2023-01-01,,True
1152,1152,entertainment,37.91,2023-01-01,,True
1153,1153,restaurant,7.41,2023-01-01,,True
1154,1154,digital_goods,43.11,2023-01-01,,True
1155,1155,utilities,11.47,2023-01-01,,True
1156,1156,entertainment,35.48,2023-01-01,,True
1157,1157,retail,28.22,2023-01-01,,True
1158,1158,crypto,88.38,2023-01-01,,True
1159,1159,luxury,72.13,2023-01-01,,True
1160,1160,entertainment,11.62,2023-01-01,,True
1161,1161,restaurant,15.49,2023-01-01,,True
1162,1162,gambling,74.58,2023-01-01,,True
1163,1163,entertainment,26.95,2023-01-01,,True
1164,1164,restaurant,11.54,2023-01-01,,True
1165,1165,digital_goods,40.93,2023-01-01,,True
1166,1166,retail,8.83,2023-01-01,,True
1167,1167,digital_goods,40.21,2023-01-01,,True
1168,1168,restaurant,24.95,2023-01-01,,True
1169,1169,travel,68.84,2023-01-01,,True
1170,1170,entertainment,32.59,2023-01-01,,True
1171,1171,entertainment,27.26,2023-01-01,,True
1172,1172,digital_goods,22.7,2023-01-01,,True
1173,1173,crypto,82.53,2023-01-01,,True
1174,1174,crypto,92.8,2023-01-01,,True
1175,1175,luxury,55.18,2023-01-01,,True
1176,1176,utilities,5.71,2023-01-01,,True
1177,1177,utilities,7.66,2023-01-01,,True
1178,1178,restaurant,19.91,2023-01-01,,True
1179,1179,digital_goods,36.44,2023-01-01,,True
1180,1180,retail,11.56,2023-01-01,,True
1181,1181,travel,45.94,2023-01-01,,True
1182,1182,entertainment,23.03,2023-01-01,,True
1183,1183,entertainment,30.94,2023-01-01,,True
1184,1184,electronics,51.67,2023-01-01,,True
1185,1185,restaurant,14.62,2023-01-01,,True
1186,1186,utilities,3.77,2023-01-01,,True
1187,1187,gambling,76.86,2023-01-01,,True
1188,1188,gambling,82.14,2023-01-01,,True
1189,1189,restaurant,16.22,2023-01-01,,True
1190,1190,restaurant,24.94,2023-01-01,,True
1191,1191,crypto,85.2,2023-01-01,,True
1192,1192,crypto,77.03,2023-01-01,,True
1193,1193,electronics,34.32,2023-01-01,,True
1194,1194,travel,47.2,2023-01-01,,True
1195,1195,travel,57.39,2023-01-01,,True
1196,1196,luxury,70.16,2023-01-01,,True
1197,1197,restaurant,7.25,2023-01-01,,True
1198,1198,crypto,81.99,2023-01-01,,True
1199,1199,travel,44.61,2023-01-01,,True
1200,1200,crypto,75.52,2023-01-01,,True
1201,1201,travel,43.78,2023-01-01,,True
1202,1202,retail,21.39,2023-01-01,,True
1203,1203,luxury,76.94,2023-01-01,,True
1204,1204,restaurant,8.39,2023-01-01,,True
1205,1205,utilities,5.9,2023-01-01,,True
1206,1206,restaurant,21.43,2023-01-01,,True
1207,1207,gambling,89.08,2023-01-01,,True
1208,1208,electronics,46.81,2023-01-01,,True
1209,1209,luxury,65.42,2023-01-01,,True
1210,1210,electronics,57.35,2023-01-01,,True
1211,1211,retail,10.84,2023-01-01,,True
1212,1212,electronics,48.99,2023-01-01,,True
1213,1213,electronics,30.46,2023-01-01,,True
1214,1214,gambling,86.85,2023-01-01,,True
1215,1215,retail,7.15,2023-01-01,,True
1216,1216,travel,59.58,2023-01-01,,True
1217,1217,digital_goods,27.29,2023-01-01,,True
1218,1218,entertainment,28.63,2023-01-01,,True
1219,1219,utilities,3.07,2023-01-01,,True
1220,1220,entertainment,34.97,2023-01-01,,True
1221,1221,retail,12.19,2023-01-01,,True
1222,1222,luxury,62.01,2023-01-01,,True
1223,1223,crypto,93.32,2023-01-01,,True
1224,1224,retail,12.63,2023-01-01,,True
1225,1225,utilities,7.6,2023-01-01,,True
1226,1226,utilities,5.65,2023-01-01,,True
1227,1227,electronics,50.9,2023-01-01,,True
1228,1228,electronics,32.42,2023-01-01,,True
1229,1229,travel,51.86,2023-01-01,,True
1230,1230,luxury,76.26,2023-01-01,,True
1231,1231,retail,18.72,2023-01-01,,True
1232,1232,crypto,88.07,2023-01-01,,True
1233,1233,utilities,14.89,2023-01-01,,True
1234,1234,travel,57.8,2023-01-01,,True
1235,1235,digital_goods,40.05,2023-01-01,,True
1236,1236,retail,14.42,2023-01-01,,True
1237,1237,luxury,81.71,2023-01-01,,True
1238,1238,electronics,43.44,2023-01-01,,True
1239,1239,restaurant,10.11,2023-01-01,,True
1240,1240,entertainment,11.8,2023-01-01,,True
1241,1241,gambling,71.02,2023-01-01,,True
1242,1242,digital_goods,40.9,2023-01-01,,True
1243,1243,electronics,34.49,2023-01-01,,True
1244,1244,electronics,41.27,2023-01-01,,True
1245,1245,travel,67.81,2023-01-01,,True
1246,1246,electronics,27.33,2023-01-01,,True
1247,1247,travel,56.41,2023-01-01,,True
1248,1248,travel,56.52,2023-01-01,,True
1249,1249,crypto,96.47,2023-01-01,,True
1250,1250,entertainment,20.81,2023-01-01,,True
1251,1251,luxury,53.78,2023-01-01,,True
1252,1252,gambling,73.77,2023-01-01,,True
1253,1253,electronics,55.92,2023-01-01,,True
1254,1254,electronics,38.53,2023-01-01,,True
1255,1255,gambling,94.39,2023-01-01,,True
1256,1256,restaurant,15.17,2023-01-01,,True
1257,1257,electronics,49.84,2023-01-01,,True
1258,1258,luxury,81.64,2023-01-01,,True
1259,1259,gambling,79.54,2023-01-01,,True
1260,1260,travel,53.88,2023-01-01,,True
1261,1261,retail,7.2,2023-01-01,,True
1262,1262,gambling,70.97,2023-01-01,,True
1263,1263,digital_goods,49.0,2023-01-01,,True
1264,1264,electronics,44.62,2023-01-01,,True
1265,1265,entertainment,31.37,2023-01-01,,True
1266,1266,crypto,71.15,2023-01-01,,True
1267,1267,digital_goods,47.67,2023-01-01,,True
1268,1268,entertainment,19.15,2023-01-01,,True
1269,1269,restaurant,14.8,2023-01-01,,True
1270,1270,digital_goods,42.33,2023-01-01,,True
1271,1271,restaurant,5.37,2023-01-01,,True
1272,1272,electronics,48.95,2023-01-01,,True
1273,1273,digital_goods,30.66,2023-01-01,,True
1274,1274,digital_goods,29.07,2023-01-01,,True
1275,1275,entertainment,39.88,2023-01-01,,True
1276,1276,utilities,14.7,2023-01-01,,True
1277,1277,entertainment,18.28,2023-01-01,,True
1278,1278,crypto,71.8,2023-01-01,,True
1279,1279,retail,11.44,2023-01-01,,True
1280,1280,utilities,6.42,2023-01-01,,True
1281,1281,electronics,60.0,2023-01-01,,True
1282,1282,utilities,14.87,2023-01-01,,True
1283,1283,utilities,14.22,2023-01-01,,True
1284,1284,utilities,14.29,2023-01-01,,True
1285,1285,gambling,71.77,2023-01-01,,True
1286,1286,restaurant,11.84,2023-01-01,,True
1287,1287,crypto,81.39,2023-01-01,,True
1288,1288,crypto,73.98,2023-01-01,,True
1289,1289,digital_goods,41.9,2023-01-01,,True
1290,1290,restaurant,15.41,2023-01-01,,True
1291,1291,electronics,48.73,2023-01-01,,True
1292,1292,gambling,91.18,2023-01-01,,True
1293,1293,travel,57.46,2023-01-01,,True
1294,1294,luxury,64.61,2023-01-01,,True
1295,1295,luxury,70.05,2023-01-01,,True
1296,1296,entertainment,22.79,2023-01-01,,True
1297,1297,electronics,35.93,2023-01-01,,True
1298,1298,restaurant,17.11,2023-01-01,,True
1299,1299,electronics,40.72,2023-01-01,,True
1300,1300,crypto,73.82,2023-01-01,,True
1301,1301,entertainment,29.57,2023-01-01,,True
1302,1302,electronics,45.34,2023-01-01,,True
1303,1303,restaurant,18.68,2023-01-01,,True
1304,1304,restaurant,9.05,2023-01-01,,True
1305,1305,travel,35.52,2023-01-01,,True
1306,1306,luxury,74.1,2023-01-01,,True
1307,1307,digital_goods,46.96,2023-01-01,,True
1308,1308,travel,66.38,2023-01-01,,True
1309,1309,digital_goods,32.9,2023-01-01,,True
1310,1310,electronics,56.82,2023-01-01,,True
1311,1311,digital_goods,43.1,2023-01-01,,True
1312,1312,utilities,10.19,2023-01-01,,True
1313,1313,utilities,8.91,2023-01-01,,True
1314,1314,luxury,55.53,2023-01-01,,True
1315,1315,utilities,1.95,2023-01-01,,True
1316,1316,digital_goods,35.99,2023-01-01,,True
1317,1317,retail,22.99,2023-01-01,,True
1318,1318,luxury,56.44,2023-01-01,,True
1319,1319,entertainment,35.19,2023-01-01,,True
1320,1320,crypto,74.22,2023-01-01,,True
1321,1321,crypto,70.86,2023-01-01,,True
1322,1322,travel,42.75,2023-01-01,,True
1323,1323,electronics,59.05,2023-01-01,,True
1324,1324,electronics,58.64,2023-01-01,,True
1325,1325,crypto,78.8,2023-01-01,,True
1326,1326,utilities,11.44,2023-01-01,,True
1327,1327,crypto,93.83,2023-01-01,,True
1328,1328,electronics,47.29,2023-01-01,,True
1329,1329,digital_goods,42.15,2023-01-01,,True
1330,1330,gambling,69.56,2023-01-01,,True
1331,1331,luxury,56.58,2023-01-01,,True
1332,1332,luxury,54.6,2023-01-01,,True
1333,1333,retail,5.65,2023-01-01,,True
1334,1334,luxury,84.51,2023-01-01,,True
1335,1335,entertainment,28.51,2023-01-01,,True
1336,1336,gambling,83.17,2023-01-01,,True
1337,1337,utilities,9.57,2023-01-01,,True
1338,1338,entertainment,27.89,2023-01-01,,True
1339,1339,gambling,71.93,2023-01-01,,True
1340,1340,entertainment,10.78,2023-01-01,,True
1341,1341,utilities,2.11,2023-01-01,,True
1342,1342,utilities,11.92,2023-01-01,,True
1343,1343,retail,8.35,2023-01-01,,True
1344,1344,utilities,12.85,2023-01-01,,True
1345,1345,luxury,66.41,2023-01-01,,True
1346,1346,electronics,47.73,2023-01-01,,True
1347,1347,retail,9.6,2023-01-01,,True
1348,1348,crypto,81.24,2023-01-01,,True
1349,1349,gambling,79.22,2023-01-01,,True
1350,1350,gambling,69.91,2023-01-01,,True
1351,1351,utilities,4.17,2023-01-01,,True
1352,1352,retail,15.21,2023-01-01,,True
1353,1353,luxury,83.91,2023-01-01,,True
1354,1354,electronics,57.39,2023-01-01,,True
1355,1355,entertainment,38.51,2023-01-01,,True
1356,1356,utilities,4.12,2023-01-01,,True
1357,1357,gambling,85.14,2023-01-01,,True
1358,1358,retail,10.07,2023-01-01,,True
1359,1359,gambling,71.14,2023-01-01,,True
1360,1360,utilities,3.48,2023-01-01,,True
1361,1361,entertainment,38.64,2023-01-01,,True
1362,1362,entertainment,23.18,2023-01-01,,True
1363,1363,luxury,71.6,2023-01-01,,True
1364,1364,retail,22.2,2023-01-01,,True
1365,1365,utilities,13.13,2023-01-01,,True
1366,1366,retail,27.19,2023-01-01,,True
1367,1367,gambling,77.83,2023-01-01,,True
1368,1368,electronics,52.17,2023-01-01,,True
1369,1369,restaurant,17.16,2023-01-01,,True
1370,1370,gambling,89.73,2023-01-01,,True
1371,1371,entertainment,31.61,2023-01-01,,True
1372,1372,electronics,38.8,2023-01-01,,True
1373,1373,travel,67.57,2023-01-01,,True
1374,1374,electronics,45.02,2023-01-01,,True
1375,1375,digital_goods,36.08,2023-01-01,,True
1376,1376,entertainment,29.24,2023-01-01,,True
1377,1377,retail,22.6,2023-01-01,,True
1378,1378,utilities,1.54,2023-01-01,,True
1379,1379,utilities,2.53,2023-01-01,,True
1380,1380,utilities,7.4,2023-01-01,,True
1381,1381,entertainment,36.33,2023-01-01,,True
1382,1382,electronics,55.72,2023-01-01,,True
1383,1383,restaurant,9.91,2023-01-01,,True
1384,1384,travel,51.51,2023-01-01,,True
1385,1385,travel,69.35,2023-01-01,,True
1386,1386,entertainment,11.18,2023-01-01,,True
1387,1387,luxury,63.56,2023-01-01,,True
1388,1388,utilities,11.71,2023-01-01,,True
1389,1389,electronics,58.69,2023-01-01,,True
1390,1390,restaurant,8.8,2023-01-01,,True
1391,1391,travel,47.58,2023-01-01,,True
1392,1392,gambling,91.53,2023-01-01,,True
1393,1393,entertainment,33.21,2023-01-01,,True
1394,1394,utilities,5.0,2023-01-01,,True
1395,1395,luxury,55.83,2023-01-01,,True
1396,1396,gambling,73.83,2023-01-01,,True
1397,1397,electronics,57.17,2023-01-01,,True
1398,1398,electronics,49.15,2023-01-01,,True
1399,1399,gambling,92.11,2023-01-01,,True
1400,1400,entertainment,23.91,2023-01-01,,True
1401,1401,luxury,72.61,2023-01-01,,True
1402,1402,digital_goods,22.71,2023-01-01,,True
1403,1403,retail,17.52,2023-01-01,,True
1404,1404,entertainment,15.39,2023-01-01,,True
1405,1405,crypto,86.98,2023-01-01,,True
1406,1406,crypto,95.94,2023-01-01,,True
1407,1407,entertainment,26.39,2023-01-01,,True
1408,1408,digital_goods,31.79,2023-01-01,,True
1409,1409,electronics,36.32,2023-01-01,,True
1410,1410,crypto,70.72,2023-01-01,,True
1411,1411,retail,16.34,2023-01-01,,True
1412,1412,restaurant,22.93,2023-01-01,,True
1413,1413,crypto,95.98,2023-01-01,,True
1414,1414,gambling,91.48,2023-01-01,,True
1415,1415,digital_goods,22.71,2023-01-01,,True
1416,1416,entertainment,19.72,2023-01-01,,True
1417,1417,gambling,84.46,2023-01-01,,True
1418,1418,retail,22.79,2023-01-01,,True
1419,1419,crypto,74.76,2023-01-01,,True
1420,1420,restaurant,19.67,2023-01-01,,True
1421,1421,utilities,2.28,2023-01-01,,True
1422,1422,travel,58.25,2023-01-01,,True
1423,1423,electronics,47.19,2023-01-01,,True
1424,1424,restaurant,6.71,2023-01-01,,True
1425,1425,utilities,10.9,2023-01-01,,True
1426,1426,electronics,50.44,2023-01-01,,True
1427,1427,gambling,94.26,2023-01-01,,True
1428,1428,digital_goods,38.36,2023-01-01,,True
1429,1429,digital_goods,24.8,2023-01-01,,True
1430,1430,travel,52.01,2023-01-01,,True
1431,1431,digital_goods,21.32,2023-01-01,,True
1432,1432,luxury,55.98,2023-01-01,,True
1433,1433,gambling,75.06,2023-01-01,,True
1434,1434,crypto,95.27,2023-01-01,,True
1435,1435,travel,64.51,2023-01-01,,True
1436,1436,travel,36.48,2023-01-01,,True
1437,1437,gambling,69.34,2023-01-01,,True
1438,1438,luxury,76.92,2023-01-01,,True
1439,1439,entertainment,11.54,2023-01-01,,True
1440,1440,crypto,78.93,2023-01-01,,True
1441,1441,gambling,86.9,2023-01-01,,True
1442,1442,luxury,83.63,2023-01-01,,True
1443,1443,electronics,35.11,2023-01-01,,True
1444,1444,gambling,70.42,2023-01-01,,True
1445,1445,restaurant,22.97,2023-01-01,,True
1446,1446,entertainment,38.81,2023-01-01,,True
1447,1447,digital_goods,20.11,2023-01-01,,True
1448,1448,travel,60.62,2023-01-01,,True
1449,1449,travel,30.49,2023-01-01,,True
1450,1450,electronics,42.42,2023-01-01,,True
1451,1451,digital_goods,34.96,2023-01-01,,True
1452,1452,travel,62.3,2023-01-01,,True
1453,1453,retail,20.2,2023-01-01,,True
1454,1454,gambling,79.8,2023-01-01,,True
1455,1455,travel,38.67,2023-01-01,,True
1456,1456,luxury,73.08,2023-01-01,,True
1457,1457,travel,48.15,2023-01-01,,True
1458,1458,crypto,82.81,2023-01-01,,True
1459,1459,utilities,9.42,2023-01-01,,True
1460,1460,utilities,1.09,2023-01-01,,True
1461,1461,entertainment,36.47,2023-01-01,,True
1462,1462,restaurant,10.56,2023-01-01,,True
1463,1463,crypto,88.23,2023-01-01,,True
1464,1464,crypto,93.78,2023-01-01,,True
1465,1465,travel,38.31,2023-01-01,,True
1466,1466,electronics,31.47,2023-01-01,,True
1467,1467,restaurant,6.1,2023-01-01,,True
1468,1468,digital_goods,30.47,2023-01-01,,True
1469,1469,luxury,55.09,2023-01-01,,True
1470,1470,luxury,51.14,2023-01-01,,True
1471,1471,restaurant,16.56,2023-01-01,,True
1472,1472,retail,20.08,2023-01-01,,True
1473,1473,retail,13.28,2023-01-01,,True
1474,1474,electronics,28.07,2023-01-01,,True
1475,1475,utilities,2.52,2023-01-01,,True
1476,1476,retail,29.84,2023-01-01,,True
1477,1477,retail,9.03,2023-01-01,,True
1478,1478,entertainment,18.53,2023-01-01,,True
1479,1479,gambling,84.83,2023-01-01,,True
1480,1480,restaurant,19.0,2023-01-01,,True
1481,1481,travel,52.89,2023-01-01,,True
1482,1482,entertainment,26.87,2023-01-01,,True
1483,1483,retail,29.16,2023-01-01,,True
1484,1484,utilities,11.49,2023-01-01,,True
1485,1485,digital_goods,30.81,2023-01-01,,True
1486,1486,travel,31.43,2023-01-01,,True
1487,1487,electronics,51.9,2023-01-01,,True
1488,1488,electronics,36.3,2023-01-01,,True
1489,1489,entertainment,36.93,2023-01-01,,True
1490,1490,digital_goods,44.61,2023-01-01,,True
1491,1491,restaurant,20.17,2023-01-01,,True
1492,1492,travel,63.73,2023-01-01,,True
1493,1493,entertainment,11.95,2023-01-01,,True
1494,1494,utilities,7.59,2023-01-01,,True
1495,1495,digital_goods,23.66,2023-01-01,,True
1496,1496,electronics,55.08,2023-01-01,,True
1497,1497,entertainment,19.88,2023-01-01,,True
1498,1498,luxury,64.48,2023-01-01,,True
1499,1499,digital_goods,26.3,2023-01-01,,True
1500,1500,travel,38.36,2023-01-01,,True
1501,1501,entertainment,11.75,2023-01-01,,True
1502,1502,digital_goods,37.14,2023-01-01,,True
1503,1503,digital_goods,49.38,2023-01-01,,True
1504,1504,travel,51.16,2023-01-01,,True
1505,1505,gambling,67.63,2023-01-01,,True
1506,1506,digital_goods,41.72,2023-01-01,,True
1507,1507,entertainment,28.14,2023-01-01,,True
1508,1508,utilities,12.03,2023-01-01,,True
1509,1509,restaurant,19.14,2023-01-01,,True
1510,1510,utilities,6.98,2023-01-01,,True
1511,1511,utilities,12.87,2023-01-01,,True
1512,1512,electronics,34.09,2023-01-01,,True
1513,1513,crypto,86.68,2023-01-01,,True
1514,1514,retail,20.58,2023-01-01,,True
1515,1515,retail,28.18,2023-01-01,,True
1516,1516,travel,54.57,2023-01-01,,True
1517,1517,retail,17.41,2023-01-01,,True
1518,1518,travel,59.17,2023-01-01,,True
1519,1519,travel,49.91,2023-01-01,,True
1520,1520,electronics,53.28,2023-01-01,,True
1521,1521,travel,65.35,2023-01-01,,True
1522,1522,utilities,4.26,2023-01-01,,True
1523,1523,restaurant,10.81,2023-01-01,,True
1524,1524,electronics,31.77,2023-01-01,,True
1525,1525,entertainment,13.55,2023-01-01,,True
1526,1526,electronics,41.27,2023-01-01,,True
1527,1527,utilities,12.15,2023-01-01,,True
1528,1528,retail,23.44,2023-01-01,,True
1529,1529,entertainment,16.22,2023-01-01,,True
1530,1530,electronics,46.54,2023-01-01,,True
1531,1531,digital_goods,32.44,2023-01-01,,True
1532,1532,utilities,1.64,2023-01-01,,True
1533,1533,gambling,75.49,2023-01-01,,True
1534,1534,luxury,78.21,2023-01-01,,True
1535,1535,entertainment,16.37,2023-01-01,,True
1536,1536,utilities,9.97,2023-01-01,,True
1537,1537,electronics,49.15,2023-01-01,,True
1538,1538,retail,11.36,2023-01-01,,True
1539,1539,crypto,71.97,2023-01-01,,True
1540,1540,travel,42.01,2023-01-01,,True
1541,1541,electronics,44.25,2023-01-01,,True
1542,1542,utilities,11.74,2023-01-01,,True
1543,1543,travel,34.55,2023-01-01,,True
1544,1544,travel,43.33,2023-01-01,,True
1545,1545,crypto,81.49,2023-01-01,,True
1546,1546,entertainment,27.07,2023-01-01,,True
1547,1547,digital_goods,48.8,2023-01-01,,True
1548,1548,digital_goods,44.96,2023-01-01,,True
1549,1549,luxury,56.79,2023-01-01,,True
1550,1550,gambling,90.01,2023-01-01,,True
1551,1551,luxury,82.28,2023-01-01,,True
1552,1552,digital_goods,34.37,2023-01-01,,True
1553,1553,digital_goods,34.24,2023-01-01,,True
1554,1554,crypto,71.03,2023-01-01,,True
1555,1555,entertainment,14.07,2023-01-01,,True
1556,1556,crypto,74.51,2023-01-01,,True
1557,1557,gambling,78.82,2023-01-01,,True
1558,1558,entertainment,35.96,2023-01-01,,True
1559,1559,retail,27.4,2023-01-01,,True
1560,1560,utilities,7.47,2023-01-01,,True
1561,1561,retail,25.35,2023-01-01,,True
1562,1562,restaurant,23.56,2023-01-01,,True
1563,1563,utilities,1.78,2023-01-01,,True
1564,1564,retail,18.03,2023-01-01,,True
1565,1565,gambling,81.95,2023-01-01,,True
1566,1566,electronics,48.74,2023-01-01,,True
1567,1567,travel,52.21,2023-01-01,,True
1568,1568,entertainment,10.56,2023-01-01,,True
1569,1569,retail,19.43,2023-01-01,,True
1570,1570,gambling,74.95,2023-01-01,,True
1571,1571,restaurant,23.32,2023-01-01,,True
1572,1572,digital_goods,43.87,2023-01-01,,True
1573,1573,electronics,27.32,2023-01-01,,True
1574,1574,luxury,55.23,2023-01-01,,True
1575,1575,luxury,79.43,2023-01-01,,True
1576,1576,restaurant,11.78,2023-01-01,,True
1577,1577,entertainment,21.26,2023-01-01,,True
1578,1578,luxury,68.7,2023-01-01,,True
1579,1579,gambling,69.98,2023-01-01,,True
1580,1580,restaurant,17.11,2023-01-01,,True
1581,1581,crypto,75.43,2023-01-01,,True
1582,1582,entertainment,13.51,2023-01-01,,True
1583,1583,travel,61.29,2023-01-01,,True
1584,1584,entertainment,19.25,2023-01-01,,True
1585,1585,digital_goods,45.73,2023-01-01,,True
1586,1586,travel,58.39,2023-01-01,,True
1587,1587,gambling,73.14,2023-01-01,,True
1588,1588,crypto,72.52,2023-01-01,,True
1589,1589,utilities,13.28,2023-01-01,,True
1590,1590,electronics,38.01,2023-01-01,,True
1591,1591,gambling,89.88,2023-01-01,,True
1592,1592,travel,42.11,2023-01-01,,True
1593,1593,gambling,80.75,2023-01-01,,True
1594,1594,retail,9.38,2023-01-01,,True
1595,1595,entertainment,21.23,2023-01-01,,True
1596,1596,entertainment,11.12,2023-01-01,,True
1597,1597,luxury,57.07,2023-01-01,,True
1598,1598,crypto,72.69,2023-01-01,,True
1599,1599,travel,50.24,2023-01-01,,True
1600,1600,crypto,93.17,2023-01-01,,True
1601,1601,electronics,56.67,2023-01-01,,True
1602,1602,restaurant,8.08,2023-01-01,,True
1603,1603,restaurant,11.8,2023-01-01,,True
1604,1604,utilities,7.77,2023-01-01,,True
1605,1605,retail,26.85,2023-01-01,,True
1606,1606,restaurant,11.21,2023-01-01,,True
1607,1607,restaurant,11.55,2023-01-01,,True
1608,1608,electronics,51.93,2023-01-01,,True
1609,1609,travel,33.93,2023-01-01,,True
1610,1610,retail,29.56,2023-01-01,,True
1611,1611,digital_goods,35.48,2023-01-01,,True
1612,1612,restaurant,24.85,2023-01-01,,True
1613,1613,luxury,57.18,2023-01-01,,True
1614,1614,crypto,71.06,2023-01-01,,True
1615,1615,travel,45.5,2023-01-01,,True
1616,1616,travel,64.59,2023-01-01,,True
1617,1617,retail,7.9,2023-01-01,,True
1618,1618,digital_goods,29.33,2023-01-01,,True
1619,1619,crypto,71.28,2023-01-01,,True
1620,1620,crypto,94.6,2023-01-01,,True
1621,1621,crypto,95.28,2023-01-01,,True
1622,1622,retail,13.33,2023-01-01,,True
1623,1623,utilities,13.45,2023-01-01,,True
1624,1624,luxury,53.61,2023-01-01,,True
1625,1625,electronics,51.82,2023-01-01,,True
1626,1626,retail,23.64,2023-01-01,,True
1627,1627,restaurant,5.45,2023-01-01,,True
1628,1628,digital_goods,42.75,2023-01-01,,True
1629,1629,digital_goods,39.17,2023-01-01,,True
1630,1630,digital_goods,26.3,2023-01-01,,True
1631,1631,utilities,3.81,2023-01-01,,True
1632,1632,gambling,73.6,2023-01-01,,True
1633,1633,digital_goods,35.97,2023-01-01,,True
1634,1634,crypto,92.41,2023-01-01,,True
1635,1635,digital_goods,40.13,2023-01-01,,True
1636,1636,gambling,73.18,2023-01-01,,True
1637,1637,electronics,30.51,2023-01-01,,True
1638,1638,restaurant,7.29,2023-01-01,,True
1639,1639,crypto,97.79,2023-01-01,,True
1640,1640,retail,18.99,2023-01-01,,True
1641,1641,gambling,68.07,2023-01-01,,True
1642,1642,crypto,85.73,2023-01-01,,True
1643,1643,electronics,44.23,2023-01-01,,True
1644,1644,restaurant,10.42,2023-01-01,,True
1645,1645,electronics,58.01,2023-01-01,,True
1646,1646,entertainment,34.12,2023-01-01,,True
1647,1647,entertainment,27.22,2023-01-01,,True
1648,1648,digital_goods,25.14,2023-01-01,,True
1649,1649,restaurant,11.23,2023-01-01,,True
1650,1650,utilities,13.49,2023-01-01,,True
1651,1651,digital_goods,36.22,2023-01-01,,True
1652,1652,utilities,1.71,2023-01-01,,True
1653,1653,restaurant,5.58,2023-01-01,,True
1654,1654,retail,27.58,2023-01-01,,True
1655,1655,entertainment,11.51,2023-01-01,,True
1656,1656,utilities,6.37,2023-01-01,,True
1657,1657,crypto,72.5,2023-01-01,,True
1658,1658,luxury,63.72,2023-01-01,,True
1659,1659,entertainment,31.14,2023-01-01,,True
1660,1660,electronics,56.19,2023-01-01,,True
1661,1661,restaurant,17.59,2023-01-01,,True
1662,1662,gambling,85.7,2023-01-01,,True
1663,1663,restaurant,13.92,2023-01-01,,True
1664,1664,travel,44.22,2023-01-01,,True
1665,1665,crypto,79.64,2023-01-01,,True
1666,1666,luxury,56.94,2023-01-01,,True
1667,1667,digital_goods,42.75,2023-01-01,,True
1668,1668,restaurant,21.19,2023-01-01,,True
1669,1669,restaurant,6.57,2023-01-01,,True
1670,1670,crypto,96.76,2023-01-01,,True
1671,1671,digital_goods,42.93,2023-01-01,,True
1672,1672,crypto,86.47,2023-01-01,,True
1673,1673,gambling,67.79,2023-01-01,,True
1674,1674,gambling,89.07,2023-01-01,,True
1675,1675,luxury,74.45,2023-01-01,,True
1676,1676,digital_goods,22.92,2023-01-01,,True
1677,1677,gambling,74.31,2023-01-01,,True
1678,1678,restaurant,17.89,2023-01-01,,True
1679,1679,luxury,76.83,2023-01-01,,True
1680,1680,luxury,66.47,2023-01-01,,True
1681,1681,retail,28.69,2023-01-01,,True
1682,1682,retail,8.59,2023-01-01,,True
1683,1683,crypto,95.98,2023-01-01,,True
1684,1684,utilities,4.61,2023-01-01,,True
1685,1685,travel,44.54,2023-01-01,,True
1686,1686,entertainment,15.5,2023-01-01,,True
1687,1687,gambling,92.52,2023-01-01,,True
1688,1688,retail,13.26,2023-01-01,,True
1689,1689,crypto,94.96,2023-01-01,,True
1690,1690,restaurant,11.5,2023-01-01,,True
1691,1691,retail,17.19,2023-01-01,,True
1692,1692,travel,32.61,2023-01-01,,True
1693,1693,retail,7.82,2023-01-01,,True
1694,1694,restaurant,14.57,2023-01-01,,True
1695,1695,gambling,90.37,2023-01-01,,True
1696,1696,gambling,73.47,2023-01-01,,True
1697,1697,entertainment,20.46,2023-01-01,,True
1698,1698,utilities,9.05,2023-01-01,,True
1699,1699,electronics,42.78,2023-01-01,,True
1700,1700,entertainment,22.17,2023-01-01,,True
1701,1701,restaurant,19.29,2023-01-01,,True
1702,1702,crypto,73.1,2023-01-01,,True
1703,1703,restaurant,16.12,2023-01-01,,True
1704,1704,electronics,27.48,2023-01-01,,True
1705,1705,utilities,5.23,2023-01-01,,True
1706,1706,digital_goods,33.83,2023-01-01,,True
1707,1707,electronics,45.67,2023-01-01,,True
1708,1708,retail,10.96,2023-01-01,,True
1709,1709,crypto,77.07,2023-01-01,,True
1710,1710,digital_goods,24.77,2023-01-01,,True
1711,1711,retail,17.06,2023-01-01,,True
1712,1712,retail,6.65,2023-01-01,,True
1713,1713,entertainment,16.25,2023-01-01,,True
1714,1714,entertainment,30.82,2023-01-01,,True
1715,1715,crypto,82.5,2023-01-01,,True
1716,1716,digital_goods,49.41,2023-01-01,,True
1717,1717,restaurant,16.34,2023-01-01,,True
1718,1718,retail,13.56,2023-01-01,,True
1719,1719,utilities,10.72,2023-01-01,,True
1720,1720,luxury,56.06,2023-01-01,,True
1721,1721,retail,21.74,2023-01-01,,True
1722,1722,electronics,50.88,2023-01-01,,True
1723,1723,crypto,90.65,2023-01-01,,True
1724,1724,digital_goods,45.1,2023-01-01,,True
1725,1725,retail,7.86,2023-01-01,,True
1726,1726,restaurant,16.92,2023-01-01,,True
1727,1727,restaurant,11.51,2023-01-01,,True
1728,1728,restaurant,6.95,2023-01-01,,True
1729,1729,gambling,78.36,2023-01-01,,True
1730,1730,digital_goods,29.24,2023-01-01,,True
1731,1731,entertainment,22.17,2023-01-01,,True
1732,1732,retail,19.96,2023-01-01,,True
1733,1733,gambling,85.57,2023-01-01,,True
1734,1734,luxury,70.87,2023-01-01,,True
1735,1735,utilities,12.48,2023-01-01,,True
1736,1736,luxury,61.46,2023-01-01,,True
1737,1737,restaurant,17.9,2023-01-01,,True
1738,1738,crypto,71.78,2023-01-01,,True
1739,1739,entertainment,16.53,2023-01-01,,True
1740,1740,retail,8.47,2023-01-01,,True
1741,1741,gambling,82.42,2023-01-01,,True
1742,1742,retail,23.87,2023-01-01,,True
1743,1743,entertainment,34.3,2023-01-01,,True
1744,1744,electronics,51.5,2023-01-01,,True
1745,1745,restaurant,18.22,2023-01-01,,True
1746,1746,restaurant,14.06,2023-01-01,,True
1747,1747,electronics,35.2,2023-01-01,,True
1748,1748,entertainment,28.47,2023-01-01,,True
1749,1749,luxury,65.65,2023-01-01,,True
1750,1750,utilities,3.88,2023-01-01,,True
1751,1751,luxury,80.71,2023-01-01,,True
1752,1752,crypto,78.69,2023-01-01,,True
1753,1753,luxury,77.8,2023-01-01,,True
1754,1754,luxury,73.78,2023-01-01,,True
1755,1755,retail,27.96,2023-01-01,,True
1756,1756,restaurant,23.73,2023-01-01,,True
1757,1757,utilities,11.05,2023-01-01,,True
1758,1758,retail,27.88,2023-01-01,,True
1759,1759,gambling,94.71,2023-01-01,,True
1760,1760,restaurant,16.65,2023-01-01,,True
1761,1761,electronics,46.4,2023-01-01,,True
1762,1762,entertainment,25.31,2023-01-01,,True
1763,1763,digital_goods,45.43,2023-01-01,,True
1764,1764,electronics,54.84,2023-01-01,,True
1765,1765,crypto,71.81,2023-01-01,,True
1766,1766,gambling,92.03,2023-01-01,,True
1767,1767,restaurant,24.36,2023-01-01,,True
1768,1768,entertainment,10.03,2023-01-01,,True
1769,1769,entertainment,26.8,2023-01-01,,True
1770,1770,restaurant,24.57,2023-01-01,,True
1771,1771,retail,7.74,2023-01-01,,True
1772,1772,entertainment,18.47,2023-01-01,,True
1773,1773,restaurant,5.62,2023-01-01,,True
1774,1774,luxury,65.11,2023-01-01,,True
1775,1775,utilities,9.26,2023-01-01,,True
1776,1776,electronics,46.88,2023-01-01,,True
1777,1777,travel,58.47,2023-01-01,,True
1778,1778,electronics,39.21,2023-01-01,,True
1779,1779,travel,47.41,2023-01-01,,True
1780,1780,retail,10.28,2023-01-01,,True
1781,1781,restaurant,8.47,2023-01-01,,True
1782,1782,travel,35.56,2023-01-01,,True
1783,1783,digital_goods,36.66,2023-01-01,,True
1784,1784,utilities,12.81,2023-01-01,,True
1785,1785,retail,14.01,2023-01-01,,True
1786,1786,travel,46.69,2023-01-01,,True
1787,1787,digital_goods,28.65,2023-01-01,,True
1788,1788,restaurant,22.45,2023-01-01,,True
1789,1789,luxury,54.39,2023-01-01,,True
1790,1790,crypto,70.34,2023-01-01,,True
1791,1791,crypto,88.8,2023-01-01,,True
1792,1792,digital_goods,24.32,2023-01-01,,True
1793,1793,entertainment,36.55,2023-01-01,,True
1794,1794,restaurant,18.16,2023-01-01,,True
1795,1795,luxury,84.12,2023-01-01,,True
1796,1796,entertainment,14.07,2023-01-01,,True
1797,1797,luxury,54.8,2023-01-01,,True
1798,1798,utilities,12.28,2023-01-01,,True
1799,1799,retail,26.5,2023-01-01,,True
1800,1800,travel,65.74,2023-01-01,,True
1801,1801,retail,22.38,2023-01-01,,True
1802,1802,restaurant,23.61,2023-01-01,,True
1803,1803,travel,54.93,2023-01-01,,True
1804,1804,electronics,40.9,2023-01-01,,True
1805,1805,utilities,6.94,2023-01-01,,True
1806,1806,travel,62.8,2023-01-01,,True
1807,1807,digital_goods,31.54,2023-01-01,,True
1808,1808,utilities,4.16,2023-01-01,,True
1809,1809,gambling,77.74,2023-01-01,,True
1810,1810,entertainment,10.22,2023-01-01,,True
1811,1811,electronics,42.44,2023-01-01,,True
1812,1812,gambling,86.93,2023-01-01,,True
1813,1813,restaurant,19.24,2023-01-01,,True
1814,1814,gambling,73.08,2023-01-01,,True
1815,1815,digital_goods,47.8,2023-01-01,,True
1816,1816,retail,19.41,2023-01-01,,True
1817,1817,electronics,26.17,2023-01-01,,True
1818,1818,gambling,66.14,2023-01-01,,True
1819,1819,retail,17.08,2023-01-01,,True
1820,1820,utilities,6.16,2023-01-01,,True
1821,1821,luxury,70.31,2023-01-01,,True
1822,1822,utilities,14.46,2023-01-01,,True
1823,1823,restaurant,6.6,2023-01-01,,True
1824,1824,digital_goods,41.91,2023-01-01,,True
1825,1825,gambling,80.79,2023-01-01,,True
1826,1826,restaurant,22.19,2023-01-01,,True
1827,1827,crypto,91.77,2023-01-01,,True
1828,1828,travel,41.18,2023-01-01,,True
1829,1829,restaurant,15.34,2023-01-01,,True
1830,1830,digital_goods,35.7,2023-01-01,,True
1831,1831,digital_goods,38.3,2023-01-01,,True
1832,1832,digital_goods,27.36,2023-01-01,,True
1833,1833,luxury,72.07,2023-01-01,,True
1834,1834,crypto,89.25,2023-01-01,,True
1835,1835,luxury,73.41,2023-01-01,,True
1836,1836,electronics,48.94,2023-01-01,,True
1837,1837,crypto,85.64,2023-01-01,,True
1838,1838,restaurant,16.59,2023-01-01,,True
1839,1839,entertainment,28.39,2023-01-01,,True
1840,1840,travel,66.14,2023-01-01,,True
1841,1841,travel,51.4,2023-01-01,,True
1842,1842,electronics,25.38,2023-01-01,,True
1843,1843,electronics,40.89,2023-01-01,,True
1844,1844,digital_goods,47.18,2023-01-01,,True
1845,1845,travel,52.96,2023-01-01,,True
1846,1846,entertainment,19.95,2023-01-01,,True
1847,1847,crypto,80.23,2023-01-01,,True
1848,1848,electronics,59.22,2023-01-01,,True
1849,1849,digital_goods,28.84,2023-01-01,,True
1850,1850,gambling,70.03,2023-01-01,,True
1851,1851,restaurant,18.9,2023-01-01,,True
1852,1852,crypto,87.33,2023-01-01,,True
1853,1853,crypto,78.82,2023-01-01,,True
1854,1854,luxury,77.48,2023-01-01,,True
1855,1855,entertainment,17.81,2023-01-01,,True
1856,1856,restaurant,17.59,2023-01-01,,True
1857,1857,crypto,86.77,2023-01-01,,True
1858,1858,electronics,45.05,2023-01-01,,True
1859,1859,crypto,89.03,2023-01-01,,True
1860,1860,electronics,35.21,2023-01-01,,True
1861,1861,entertainment,32.12,2023-01-01,,True
1862,1862,digital_goods,20.82,2023-01-01,,True
1863,1863,crypto,84.06,2023-01-01,,True
1864,1864,crypto,73.68,2023-01-01,,True
1865,1865,electronics,27.69,2023-01-01,,True
1866,1866,electronics,52.43,2023-01-01,,True
1867,1867,luxury,58.82,2023-01-01,,True
1868,1868,digital_goods,38.47,2023-01-01,,True
1869,1869,crypto,77.98,2023-01-01,,True
1870,1870,crypto,77.45,2023-01-01,,True
1871,1871,restaurant,19.83,2023-01-01,,True
1872,1872,digital_goods,38.11,2023-01-01,,True
1873,1873,luxury,81.85,2023-01-01,,True
1874,1874,crypto,91.43,2023-01-01,,True
1875,1875,retail,21.48,2023-01-01,,True
1876,1876,digital_goods,31.09,2023-01-01,,True
1877,1877,gambling,70.26,2023-01-01,,True
1878,1878,luxury,77.39,2023-01-01,,True
1879,1879,travel,39.45,2023-01-01,,True
1880,1880,travel,37.23,2023-01-01,,True
1881,1881,retail,18.18,2023-01-01,,True
1882,1882,utilities,1.46,2023-01-01,,True
1883,1883,luxury,84.44,2023-01-01,,True
1884,1884,utilities,14.54,2023-01-01,,True
1885,1885,restaurant,16.91,2023-01-01,,True
1886,1886,luxury,78.76,2023-01-01,,True
1887,1887,utilities,12.73,2023-01-01,,True
1888,1888,crypto,91.83,2023-01-01,,True
1889,1889,entertainment,22.39,2023-01-01,,True
1890,1890,luxury,63.41,2023-01-01,,True
1891,1891,crypto,89.16,2023-01-01,,True
1892,1892,crypto,91.05,2023-01-01,,True
1893,1893,luxury,55.85,2023-01-01,,True
1894,1894,electronics,45.22,2023-01-01,,True
1895,1895,luxury,79.46,2023-01-01,,True
1896,1896,crypto,71.58,2023-01-01,,True
1897,1897,utilities,4.7,2023-01-01,,True
1898,1898,electronics,53.68,2023-01-01,,True
1899,1899,gambling,66.58,2023-01-01,,True
1900,1900,crypto,83.46,2023-01-01,,True
1901,1901,entertainment,24.29,2023-01-01,,True
1902,1902,digital_goods,34.29,2023-01-01,,True
1903,1903,retail,28.71,2023-01-01,,True
1904,1904,luxury,82.29,2023-01-01,,True
1905,1905,restaurant,9.67,2023-01-01,,True
1906,1906,restaurant,18.67,2023-01-01,,True
1907,1907,entertainment,21.7,2023-01-01,,True
1908,1908,digital_goods,27.88,2023-01-01,,True
1909,1909,utilities,8.43,2023-01-01,,True
1910,1910,luxury,65.22,2023-01-01,,True
1911,1911,retail,12.22,2023-01-01,,True
1912,1912,restaurant,20.95,2023-01-01,,True
1913,1913,retail,14.55,2023-01-01,,True
1914,1914,restaurant,11.31,2023-01-01,,True
1915,1915,retail,18.26,2023-01-01,,True
1916,1916,gambling,93.68,2023-01-01,,True
1917,1917,travel,33.89,2023-01-01,,True
1918,1918,retail,18.28,2023-01-01,,True
1919,1919,electronics,37.38,2023-01-01,,True
1920,1920,travel,63.77,2023-01-01,,True
1921,1921,crypto,87.7,2023-01-01,,True
1922,1922,crypto,88.91,2023-01-01,,True
1923,1923,gambling,73.18,2023-01-01,,True
1924,1924,luxury,59.46,2023-01-01,,True
1925,1925,gambling,89.07,2023-01-01,,True
1926,1926,electronics,33.94,2023-01-01,,True
1927,1927,restaurant,16.68,2023-01-01,,True
1928,1928,digital_goods,33.83,2023-01-01,,True
1929,1929,electronics,48.64,2023-01-01,,True
1930,1930,retail,11.04,2023-01-01,,True
1931,1931,crypto,89.48,2023-01-01,,True
1932,1932,restaurant,20.41,2023-01-01,,True
1933,1933,restaurant,15.4,2023-01-01,,True
1934,1934,electronics,48.72,2023-01-01,,True
1935,1935,entertainment,39.8,2023-01-01,,True
1936,1936,luxury,60.96,2023-01-01,,True
1937,1937,gambling,65.32,2023-01-01,,True
1938,1938,gambling,65.25,2023-01-01,,True
1939,1939,restaurant,6.36,2023-01-01,,True
1940,1940,electronics,39.39,2023-01-01,,True
1941,1941,restaurant,15.51,2023-01-01,,True
1942,1942,retail,22.14,2023-01-01,,True
1943,1943,electronics,37.3,2023-01-01,,True
1944,1944,crypto,91.03,2023-01-01,,True
1945,1945,electronics,33.82,2023-01-01,,True
1946,1946,digital_goods,21.02,2023-01-01,,True
1947,1947,entertainment,28.58,2023-01-01,,True
1948,1948,entertainment,11.71,2023-01-01,,True
1949,1949,electronics,45.79,2023-01-01,,True
1950,1950,restaurant,22.88,2023-01-01,,True
1951,1951,entertainment,16.5,2023-01-01,,True
1952,1952,gambling,82.98,2023-01-01,,True
1953,1953,crypto,73.53,2023-01-01,,True
1954,1954,crypto,97.78,2023-01-01,,True
1955,1955,restaurant,6.73,2023-01-01,,True
1956,1956,retail,20.12,2023-01-01,,True
1957,1957,crypto,80.9,2023-01-01,,True
1958,1958,electronics,51.74,2023-01-01,,True
1959,1959,entertainment,29.44,2023-01-01,,True
1960,1960,gambling,89.1,2023-01-01,,True
1961,1961,entertainment,15.54,2023-01-01,,True
1962,1962,luxury,53.88,2023-01-01,,True
1963,1963,entertainment,15.53,2023-01-01,,True
1964,1964,electronics,35.31,2023-01-01,,True
1965,1965,luxury,73.12,2023-01-01,,True
1966,1966,crypto,72.2,2023-01-01,,True
1967,1967,digital_goods,33.6,2023-01-01,,True
1968,1968,crypto,98.86,2023-01-01,,True
1969,1969,electronics,51.93,2023-01-01,,True
1970,1970,restaurant,18.84,2023-01-01,,True
1971,1971,entertainment,30.03,2023-01-01,,True
1972,1972,utilities,11.78,2023-01-01,,True
1973,1973,crypto,77.46,2023-01-01,,True
1974,1974,entertainment,33.42,2023-01-01,,True
1975,1975,crypto,78.04,2023-01-01,,True
1976,1976,utilities,1.87,2023-01-01,,True
1977,1977,utilities,6.44,2023-01-01,,True
1978,1978,entertainment,39.88,2023-01-01,,True
1979,1979,utilities,4.62,2023-01-01,,True
1980,1980,restaurant,21.26,2023-01-01,,True
1981,1981,gambling,70.34,2023-01-01,,True
1982,1982,luxury,52.43,2023-01-01,,True
1983,1983,digital_goods,49.38,2023-01-01,,True
1984,1984,entertainment,16.02,2023-01-01,,True
1985,1985,travel,45.71,2023-01-01,,True
1986,1986,gambling,84.36,2023-01-01,,True
1987,1987,travel,34.34,2023-01-01,,True
1988,1988,crypto,85.68,2023-01-01,,True
1989,1989,gambling,77.94,2023-01-01,,True
1990,1990,gambling,83.42,2023-01-01,,True
1991,1991,restaurant,7.12,2023-01-01,,True
1992,1992,retail,16.04,2023-01-01,,True
1993,1993,luxury,59.06,2023-01-01,,True
1994,1994,luxury,51.22,2023-01-01,,True
1995,1995,restaurant,6.41,2023-01-01,,True
1996,1996,entertainment,31.83,2023-01-01,,True
1997,1997,digital_goods,43.32,2023-01-01,,True
1998,1998,gambling,65.56,2023-01-01,,True
1999,1999,retail,17.44,2023-01-01,,True
2000,2000,travel,56.11,2023-01-01,,True
